origem,tipo_antigo,titulo_antigo,regra_destino,regra_tipo,motivo,excecao,destino,tipo
/quem-somos,pagina,Quem Somos | 9vee,/quem-somos/,301,a página equivalente no site novo,,/quem-somos/,301
/lms,pagina,LMS | 9vee - LMS - Learning Management System,/lms/,301,a página equivalente no site novo,,/lms/,301
/challenges,lista-de-programas,Program List | 9vee,,410,"lista do app Programas Online, que não vai para o site novo",,,410
/blog,pagina,Todas as publicações | Publicações - 9vee,,410,o blog não vai para o site novo; os posts têm destino próprio,,,410
/curso-de-idiomas,pagina,Curso de Idiomas | 9vee,/curso-de-idiomas/,301,a página equivalente no site novo,,/curso-de-idiomas/,301
/mandarim-chines,pagina,Interpretação simultânea Mandarim Português | 9vee,/traducao-simultanea/mandarim/,301,a página equivalente no site novo,,/traducao-simultanea/mandarim/,301
/politica-de-privacidade,pagina,Política de Privacidade - 9vee,/politica-de-privacidade/,301,a página equivalente no site novo,,/politica-de-privacidade/,301
/mandarim,pagina,Mandarim -Old | 9vee,/curso-de-idiomas/mandarim/,301,curso de mandarim,,/curso-de-idiomas/mandarim/,301
/,pagina,"Home | 9vee - Soluções Educacionais - Soluções de Idiomas, Tradução Simultânea e LMS",/,200,o mesmo endereço no site novo,,/,200
/mandarim-portugues,pagina,Interpretação Simultânea Mandarim Português | 9vee,/traducao-simultanea/mandarim/,301,a página equivalente no site novo,,/traducao-simultanea/mandarim/,301
/mandarim-english,pagina,Interpretação Simultânea Mandarim Português | 9vee,/traducao-simultanea/mandarim/,301,a página equivalente no site novo,,/traducao-simultanea/mandarim/,301
/termo-de-uso,pagina,TERMOS DE USO - Novee,,410,"modelo de plataforma, sem equivalente no site novo",,,410
/treinamentos,pagina,LMS | 9vee - LMS - Learning Management System,/treinamento-nr-1/,301,a página equivalente no site novo,,/treinamento-nr-1/,301
/traducao-simultanea,pagina,Tradução Simultânea | 9vee,/traducao-simultanea/,301,a página equivalente no site novo,,/traducao-simultanea/,301
/challenge-page/998851bf-d631-4ca0-9ebe-541cde1e678e,programa-online,Business Analysis | 9vee,,410,programa de modelo do app Programas Online,,,410
/challenge-page/5511404c-8a89-46a6-b995-03b2640c77db,programa-online,Business Strategy and Consulting | 9vee,,410,programa de modelo do app Programas Online,,,410
/challenge-page/cb8728a1-b73f-4572-917a-996103ae7c0b,programa-online,Business Consulting for Professionals | 9vee,,410,programa de modelo do app Programas Online,,,410
/challenge-page/bd00c03c-9983-4fde-a1ac-c8d91557200f,programa-online,Consulting Methods | 9vee,,410,programa de modelo do app Programas Online,,,410
/challenge-page/ddf9085c-3c2f-4aab-962f-2d8fe1e638e7,programa-online,Principles of France | 9vee,,410,programa de modelo do app Programas Online,,,410
/challenge-page/694aafd1-6a7f-42ca-b584-ba1a19dfafef,programa-online,Business Consulting - The Full Course | 9vee,,410,programa de modelo do app Programas Online,,,410
/post/aprender-de-ingles-em-sorocaba,post-do-blog,Aprender Inglês em Sorocaba - 9vee,/curso-de-idiomas/ingles/,301,post sobre curso de ingles,,/curso-de-idiomas/ingles/,301
/post/aprender-e-estudar-ingles-em-sao-paulo,post-do-blog,Aprender e Estudar Inglês em São Paulo - 9vee,/curso-de-idiomas/ingles/,301,post sobre curso de ingles,,/curso-de-idiomas/ingles/,301
/post/aprender-espanhol-em-alphaville,post-do-blog,Aprender Espanhol em Alphaville - 9vee,/curso-de-idiomas/espanhol/,301,post sobre curso de espanhol,,/curso-de-idiomas/espanhol/,301
/post/aprender-espanhol-em-aracaju,post-do-blog,Aprender Espanhol em Aracaju - 9vee,/curso-de-idiomas/espanhol/,301,post sobre curso de espanhol,,/curso-de-idiomas/espanhol/,301
/post/aprender-espanhol-em-belem,post-do-blog,Aprender Espanhol em Belém - 9vee,/curso-de-idiomas/espanhol/,301,post sobre curso de espanhol,,/curso-de-idiomas/espanhol/,301
/post/aprender-espanhol-em-boa-vista,post-do-blog,Aprender Espanhol em Boa Vista - 9vee,/curso-de-idiomas/espanhol/,301,post sobre curso de espanhol,,/curso-de-idiomas/espanhol/,301
/post/aprender-espanhol-em-brasilia,post-do-blog,Aprender Espanhol em Brasília - 9vee,/curso-de-idiomas/espanhol/,301,post sobre curso de espanhol,,/curso-de-idiomas/espanhol/,301
/post/aprender-espanhol-em-campinas,post-do-blog,Aprender Espanhol em Campinas - 9vee,/curso-de-idiomas/espanhol/,301,post sobre curso de espanhol,,/curso-de-idiomas/espanhol/,301
/post/aprender-espanhol-em-campo-grande,post-do-blog,Aprender Espanhol em Campo Grande - 9vee,/curso-de-idiomas/espanhol/,301,post sobre curso de espanhol,,/curso-de-idiomas/espanhol/,301
/post/aprender-espanhol-em-goiania,post-do-blog,Aprender Espanhol em Goiânia - 9vee,/curso-de-idiomas/espanhol/,301,post sobre curso de espanhol,,/curso-de-idiomas/espanhol/,301
/post/aprender-espanhol-em-joinville,post-do-blog,Aprender Espanhol em Joinville - 9vee,/curso-de-idiomas/espanhol/,301,post sobre curso de espanhol,,/curso-de-idiomas/espanhol/,301
/post/aprender-espanhol-em-jundiai,post-do-blog,Aprender Espanhol em Jundiaí - 9vee,/curso-de-idiomas/espanhol/,301,post sobre curso de espanhol,,/curso-de-idiomas/espanhol/,301
/post/aprender-espanhol-em-natal,post-do-blog,Aprender Espanhol em Natal - 9vee,/curso-de-idiomas/espanhol/,301,post sobre curso de espanhol,,/curso-de-idiomas/espanhol/,301
/post/aprender-espanhol-em-palmas,post-do-blog,Aprender Espanhol em Palmas - 9vee,/curso-de-idiomas/espanhol/,301,post sobre curso de espanhol,,/curso-de-idiomas/espanhol/,301
/post/aprender-espanhol-em-pinheiros,post-do-blog,Aprender Espanhol em Pinheiros - 9vee,/curso-de-idiomas/espanhol/,301,post sobre curso de espanhol,,/curso-de-idiomas/espanhol/,301
/post/aprender-espanhol-em-porto-velho,post-do-blog,Aprender Espanhol em Porto Velho - 9vee,/curso-de-idiomas/espanhol/,301,post sobre curso de espanhol,,/curso-de-idiomas/espanhol/,301
/post/aprender-espanhol-em-recife,post-do-blog,Aprender Espanhol em Recife - 9vee,/curso-de-idiomas/espanhol/,301,post sobre curso de espanhol,,/curso-de-idiomas/espanhol/,301
/post/aprender-espanhol-em-ribeirao-preto,post-do-blog,Aprender Espanhol em Ribeirão Preto - 9vee,/curso-de-idiomas/espanhol/,301,post sobre curso de espanhol,,/curso-de-idiomas/espanhol/,301
/post/aprender-espanhol-em-rio-branco,post-do-blog,Aprender Espanhol em Rio Branco - 9vee,/curso-de-idiomas/espanhol/,301,post sobre curso de espanhol,,/curso-de-idiomas/espanhol/,301
/post/aprender-espanhol-em-sao-caetano-do-sul,post-do-blog,Aprender Espanhol em São Caetano do Sul - 9vee,/curso-de-idiomas/espanhol/,301,post sobre curso de espanhol,,/curso-de-idiomas/espanhol/,301
/post/aprender-espanhol-em-sao-paulo,post-do-blog,Aprender espanhol em São Paulo - 9vee,/curso-de-idiomas/espanhol/,301,post sobre curso de espanhol,,/curso-de-idiomas/espanhol/,301
/post/aprender-espanhol-em-sorocaba,post-do-blog,Aprender Espanhol em Sorocaba - 9vee,/curso-de-idiomas/espanhol/,301,post sobre curso de espanhol,,/curso-de-idiomas/espanhol/,301
/post/aprender-espanhol-em-teresina,post-do-blog,Aprender Espanhol em Teresina - 9vee,/curso-de-idiomas/espanhol/,301,post sobre curso de espanhol,,/curso-de-idiomas/espanhol/,301
/post/aprender-espanhol-na-av-paulista,post-do-blog,Aprender Espanhol na Av. Paulista - 9vee,/curso-de-idiomas/espanhol/,301,post sobre curso de espanhol,,/curso-de-idiomas/espanhol/,301
/post/aprender-espanhol-na-faria-lima,post-do-blog,Aprender Espanhol na Faria Lima - 9vee,/curso-de-idiomas/espanhol/,301,post sobre curso de espanhol,,/curso-de-idiomas/espanhol/,301
/post/aprender-espanhol-na-vila-madalena,post-do-blog,Aprender Espanhol na Vila Madalena - 9vee,/curso-de-idiomas/espanhol/,301,post sobre curso de espanhol,,/curso-de-idiomas/espanhol/,301
/post/aprender-espanhol-na-vila-olimpia,post-do-blog,Aprender Espanhol na Vila Olímpia - 9vee,/curso-de-idiomas/espanhol/,301,post sobre curso de espanhol,,/curso-de-idiomas/espanhol/,301
/post/aprender-espanhol-no-itaim-bibi,post-do-blog,Aprender Espanhol no Itaim Bibi - 9vee,/curso-de-idiomas/espanhol/,301,post sobre curso de espanhol,,/curso-de-idiomas/espanhol/,301
/post/aprender-espanhol-no-tatuape,post-do-blog,Aprender Espanhol no Tatuapé - 9vee,/curso-de-idiomas/espanhol/,301,post sobre curso de espanhol,,/curso-de-idiomas/espanhol/,301
/post/aprender-espanhol-nos-jardins,post-do-blog,Aprender Espanhol nos Jardins - 9vee,/curso-de-idiomas/espanhol/,301,post sobre curso de espanhol,,/curso-de-idiomas/espanhol/,301
/post/aprender-ingles-barato,post-do-blog,Aprender Inglês Barato - 9vee,/curso-de-idiomas/ingles/,301,post sobre curso de ingles,,/curso-de-idiomas/ingles/,301
/post/aprender-ingles-em-alphaville,post-do-blog,Aprender inglês em Alphaville - 9vee,/curso-de-idiomas/ingles/,301,post sobre curso de ingles,,/curso-de-idiomas/ingles/,301
/post/aprender-ingles-em-aracaju,post-do-blog,Aprender Inglês em Aracaju - 9vee,/curso-de-idiomas/ingles/,301,post sobre curso de ingles,,/curso-de-idiomas/ingles/,301
/post/aprender-ingles-em-balneario-camboriu,post-do-blog,Aprender Inglês em Balneário Camboriú - 9vee,/curso-de-idiomas/ingles/,301,post sobre curso de ingles,,/curso-de-idiomas/ingles/,301
/post/aprender-ingles-em-belem,post-do-blog,Aprender inglês em Belém - 9vee,/curso-de-idiomas/ingles/,301,post sobre curso de ingles,,/curso-de-idiomas/ingles/,301
/post/aprender-ingles-em-belo-horizonte,post-do-blog,Aprender Inglês em Belo Horizonte - 9vee,/curso-de-idiomas/ingles/,301,post sobre curso de ingles,,/curso-de-idiomas/ingles/,301
/post/aprender-ingles-em-brasilia,post-do-blog,Aprender Inglês em Brasília - 9vee,/curso-de-idiomas/ingles/,301,post sobre curso de ingles,,/curso-de-idiomas/ingles/,301
/post/aprender-ingles-em-campinas,post-do-blog,Aprender Inglês em Campinas - 9vee,/curso-de-idiomas/ingles/,301,post sobre curso de ingles,,/curso-de-idiomas/ingles/,301
/post/aprender-ingles-em-campo-grande,post-do-blog,Aprender Inglês em Campo Grande - 9vee,/curso-de-idiomas/ingles/,301,post sobre curso de ingles,,/curso-de-idiomas/ingles/,301
/post/aprender-ingles-em-cuiaba,post-do-blog,Aprender Inglês em Cuiabá - 9vee,/curso-de-idiomas/ingles/,301,post sobre curso de ingles,,/curso-de-idiomas/ingles/,301
/post/aprender-ingles-em-curitiba,post-do-blog,Aprender Inglês em Curitiba - 9vee,/curso-de-idiomas/ingles/,301,post sobre curso de ingles,,/curso-de-idiomas/ingles/,301
/post/aprender-ingles-em-florianopolis,post-do-blog,Aprender Inglês em Florianópolis - 9vee,/curso-de-idiomas/ingles/,301,post sobre curso de ingles,,/curso-de-idiomas/ingles/,301
/post/aprender-ingles-em-fortaleza,post-do-blog,Aprender Inglês em Fortaleza - 9vee,/curso-de-idiomas/ingles/,301,post sobre curso de ingles,,/curso-de-idiomas/ingles/,301
/post/aprender-ingles-em-goiania,post-do-blog,Aprender inglês em Goiânia - 9vee,/curso-de-idiomas/ingles/,301,post sobre curso de ingles,,/curso-de-idiomas/ingles/,301
/post/aprender-ingles-em-joao-pessoa,post-do-blog,Aprender Inglês em João Pessoa - 9vee,/curso-de-idiomas/ingles/,301,post sobre curso de ingles,,/curso-de-idiomas/ingles/,301
/post/aprender-ingles-em-joinville,post-do-blog,Aprender Inglês em Joinville - 9vee,/curso-de-idiomas/ingles/,301,post sobre curso de ingles,,/curso-de-idiomas/ingles/,301
/post/aprender-ingles-em-jundiai,post-do-blog,Aprender Inglês em Jundiaí - 9vee,/curso-de-idiomas/ingles/,301,post sobre curso de ingles,,/curso-de-idiomas/ingles/,301
/post/aprender-ingles-em-maceio,post-do-blog,Aprender Inglês em Maceió - 9vee,/curso-de-idiomas/ingles/,301,post sobre curso de ingles,,/curso-de-idiomas/ingles/,301
/post/aprender-ingles-em-manaus,post-do-blog,Aprender Inglês em Manaus - 9vee,/curso-de-idiomas/ingles/,301,post sobre curso de ingles,,/curso-de-idiomas/ingles/,301
/post/aprender-ingles-em-natal,post-do-blog,Aprender Inglês em Natal - 9vee,/curso-de-idiomas/ingles/,301,post sobre curso de ingles,,/curso-de-idiomas/ingles/,301
/post/aprender-ingles-em-palmas,post-do-blog,Aprender Inglês em Palmas - 9vee,/curso-de-idiomas/ingles/,301,post sobre curso de ingles,,/curso-de-idiomas/ingles/,301
/post/aprender-ingles-em-pinheiros,post-do-blog,Aprender Inglês em Pinheiros - 9vee,/curso-de-idiomas/ingles/,301,post sobre curso de ingles,,/curso-de-idiomas/ingles/,301
/post/aprender-ingles-em-porto-alegre,post-do-blog,Aprender Inglês em Porto Alegre - 9vee,/curso-de-idiomas/ingles/,301,post sobre curso de ingles,,/curso-de-idiomas/ingles/,301
/post/aprender-ingles-em-porto-velho,post-do-blog,Aprender Inglês em Porto Velho - 9vee,/curso-de-idiomas/ingles/,301,post sobre curso de ingles,,/curso-de-idiomas/ingles/,301
/post/aprender-ingles-em-recife,post-do-blog,Aprender Inglês em Recife - 9vee,/curso-de-idiomas/ingles/,301,post sobre curso de ingles,,/curso-de-idiomas/ingles/,301
/post/aprender-ingles-em-ribeirao-preto,post-do-blog,Aprender Inglês em Ribeirão Preto - 9vee,/curso-de-idiomas/ingles/,301,post sobre curso de ingles,,/curso-de-idiomas/ingles/,301
/post/aprender-ingles-em-salvador,post-do-blog,Aprender inglês em Salvador - 9vee,/curso-de-idiomas/ingles/,301,post sobre curso de ingles,,/curso-de-idiomas/ingles/,301
/post/aprender-ingles-em-sao-jose-dos-campos,post-do-blog,Aprender Inglês em São José dos Campos - 9vee,/curso-de-idiomas/ingles/,301,post sobre curso de ingles,,/curso-de-idiomas/ingles/,301
/post/aprender-ingles-em-sao-luis,post-do-blog,Aprender Inglês em São Luís - 9vee,/curso-de-idiomas/ingles/,301,post sobre curso de ingles,,/curso-de-idiomas/ingles/,301
/post/aprender-ingles-em-sao-paulo,post-do-blog,Aprender Inglês em São Paulo - 9vee,/curso-de-idiomas/ingles/,301,post sobre curso de ingles,,/curso-de-idiomas/ingles/,301
/post/aprender-ingles-em-teresina,post-do-blog,Aprender Inglês em Teresina - 9vee,/curso-de-idiomas/ingles/,301,post sobre curso de ingles,,/curso-de-idiomas/ingles/,301
/post/aprender-ingles-em-uberaba,post-do-blog,Aprender Inglês em Uberaba - 9vee,/curso-de-idiomas/ingles/,301,post sobre curso de ingles,,/curso-de-idiomas/ingles/,301
/post/aprender-ingles-em-uberlandia,post-do-blog,Aprender Inglês em Uberlândia - 9vee,/curso-de-idiomas/ingles/,301,post sobre curso de ingles,,/curso-de-idiomas/ingles/,301
/post/aprender-ingles-em-vitoria,post-do-blog,Aprender Inglês em Vitória - 9vee,/curso-de-idiomas/ingles/,301,post sobre curso de ingles,,/curso-de-idiomas/ingles/,301
/post/aprender-ingles-intensivo,post-do-blog,Aprender Inglês Intensivo - 9vee,/curso-de-idiomas/ingles/,301,post sobre curso de ingles,,/curso-de-idiomas/ingles/,301
/post/aprender-ingles-na-av-paulista,post-do-blog,Aprender Inglês na Av. Paulista - 9vee,/curso-de-idiomas/ingles/,301,post sobre curso de ingles,,/curso-de-idiomas/ingles/,301
/post/aprender-ingles-na-vila-mariana,post-do-blog,Aprender Inglês na Vila Mariana - 9vee,/curso-de-idiomas/ingles/,301,post sobre curso de ingles,,/curso-de-idiomas/ingles/,301
/post/aprender-ingles-na-vila-olimpia,post-do-blog,Aprender Inglês na Vila Olímpia - 9vee,/curso-de-idiomas/ingles/,301,post sobre curso de ingles,,/curso-de-idiomas/ingles/,301
/post/aprender-ingles-no-abc,post-do-blog,Aprender Inglês no ABC - 9vee,/curso-de-idiomas/ingles/,301,post sobre curso de ingles,,/curso-de-idiomas/ingles/,301
/post/aprender-ingles-no-itaim-bibi,post-do-blog,Aprender Inglês no Itaim Bibi - 9vee,/curso-de-idiomas/ingles/,301,post sobre curso de ingles,,/curso-de-idiomas/ingles/,301
/post/aprender-ingles-no-rio-de-janeiro,post-do-blog,Aprender Inglês no Rio de Janeiro - 9vee,/curso-de-idiomas/ingles/,301,post sobre curso de ingles,,/curso-de-idiomas/ingles/,301
/post/aprender-ingles-no-tatuape,post-do-blog,Aprender Inglês no Tatuapé - 9vee,/curso-de-idiomas/ingles/,301,post sobre curso de ingles,,/curso-de-idiomas/ingles/,301
/post/aprender-ingles-nos-jardins,post-do-blog,Aprender inglês nos Jardins - 9vee,/curso-de-idiomas/ingles/,301,post sobre curso de ingles,,/curso-de-idiomas/ingles/,301
/post/aula-de-ingles-espanhol-frances-italiano-alemao,post-do-blog,"Aula de Inglês, Espanhol, Francês, Italiano e Alemão - 9vee",/curso-de-idiomas/,301,"post sobre mais de um idioma (ingles, espanhol, frances, alemao, italiano)",,/curso-de-idiomas/,301
/post/aula-de-ingles-ou-espanhol-em-empresas,post-do-blog,Aula de Inglês ou Espanhol em Empresas - 9vee,/curso-de-idiomas/,301,"post sobre mais de um idioma (ingles, espanhol)",,/curso-de-idiomas/,301
/post/aula-individual-de-ingles-in-company,post-do-blog,Aula Individual de Inglês In Company - 9vee,/curso-de-idiomas/ingles/,301,post sobre curso de ingles,,/curso-de-idiomas/ingles/,301
/post/aula-particular-de-idiomas-em-sao-paulo,post-do-blog,Aula Particular de Idiomas em São Paulo - 9vee,/curso-de-idiomas/,301,post sobre idiomas em geral,,/curso-de-idiomas/,301
/post/aula-particular-de-portugues-para-estrangeiros-em-sao-paulo,post-do-blog,Aula Particular de Português Para Estrangeiros em São Paulo - 9vee,/curso-de-idiomas/portugues-para-estrangeiros/,301,post sobre curso de portugues-para-estrangeiros,,/curso-de-idiomas/portugues-para-estrangeiros/,301
/post/aulas-de-espanhol-basico,post-do-blog,Aulas de Espanhol Básico - 9vee,/curso-de-idiomas/espanhol/,301,post sobre curso de espanhol,,/curso-de-idiomas/espanhol/,301
/post/aulas-de-ingles-com-certificado-na-melhor-escola-de-sao-paulo,post-do-blog,Aulas de Inglês com Certificado na Melhor Escola de São Paulo - 9vee,/curso-de-idiomas/ingles/,301,post sobre curso de ingles,,/curso-de-idiomas/ingles/,301
/post/aulas-particulares-de-chines-em-sao-paulo,post-do-blog,Aulas particulares de chinês em São Paulo - 9vee,/curso-de-idiomas/mandarim/,301,post sobre curso de mandarim,,/curso-de-idiomas/mandarim/,301
/post/aulas-particulares-de-chines-na-av-paulista,post-do-blog,Aulas Particulares de Chinês na Av. Paulista - 9vee,/curso-de-idiomas/mandarim/,301,post sobre curso de mandarim,,/curso-de-idiomas/mandarim/,301
/post/curso-de-alemao-em-belem,post-do-blog,Curso de Alemão em Belém - 9vee,/curso-de-idiomas/alemao/,301,post sobre curso de alemao,,/curso-de-idiomas/alemao/,301
/post/curso-de-alemao-em-belo-horizonte,post-do-blog,Curso de Alemão em Belo Horizonte - 9vee,/curso-de-idiomas/alemao/,301,post sobre curso de alemao,,/curso-de-idiomas/alemao/,301
/post/curso-de-alemao-em-brasilia,post-do-blog,Curso de Alemão em Brasília - 9vee,/curso-de-idiomas/alemao/,301,post sobre curso de alemao,,/curso-de-idiomas/alemao/,301
/post/curso-de-alemao-em-campinas,post-do-blog,Curso de Alemão em Campinas - 9vee,/curso-de-idiomas/alemao/,301,post sobre curso de alemao,,/curso-de-idiomas/alemao/,301
/post/curso-de-alemao-em-campo-grande,post-do-blog,Curso de Alemão em Campo Grande - 9vee,/curso-de-idiomas/alemao/,301,post sobre curso de alemao,,/curso-de-idiomas/alemao/,301
/post/curso-de-alemao-em-cuiaba,post-do-blog,Curso de Alemão em Cuiabá – 9vee,/curso-de-idiomas/alemao/,301,post sobre curso de alemao,,/curso-de-idiomas/alemao/,301
/post/curso-de-alemao-em-curitiba,post-do-blog,Curso de Alemão em Curitiba - 9vee,/curso-de-idiomas/alemao/,301,post sobre curso de alemao,,/curso-de-idiomas/alemao/,301
/post/curso-de-alemao-em-florianopolis,post-do-blog,Curso de Alemão em Florianópolis - 9vee,/curso-de-idiomas/alemao/,301,post sobre curso de alemao,,/curso-de-idiomas/alemao/,301
/post/curso-de-alemao-em-goiania,post-do-blog,Curso de Alemão em Goiânia - 9vee,/curso-de-idiomas/alemao/,301,post sobre curso de alemao,,/curso-de-idiomas/alemao/,301
/post/curso-de-alemao-em-jundiai,post-do-blog,Curso de Alemão em Jundiaí - 9vee,/curso-de-idiomas/alemao/,301,post sobre curso de alemao,,/curso-de-idiomas/alemao/,301
/post/curso-de-alemao-em-manaus,post-do-blog,Curso de Alemão em Manaus - 9vee,/curso-de-idiomas/alemao/,301,post sobre curso de alemao,,/curso-de-idiomas/alemao/,301
/post/curso-de-alem%C3%A3o-em-porto-alegre,post-do-blog,Curso de Alemão em Porto Alegre - 9vee,/curso-de-idiomas/alemao/,301,post sobre curso de alemao,,/curso-de-idiomas/alemao/,301
/post/curso-de-alemao-em-sao-paulo,post-do-blog,Curso de Alemão em São Paulo - 9vee,/curso-de-idiomas/alemao/,301,post sobre curso de alemao,,/curso-de-idiomas/alemao/,301
/post/curso-de-alemao-em-vitoria,post-do-blog,Curso de Alemão em Vitória - 9vee,/curso-de-idiomas/alemao/,301,post sobre curso de alemao,,/curso-de-idiomas/alemao/,301
/post/curso-de-alemao-no-rio-de-janeiro,post-do-blog,Curso de Alemão no Rio de Janeiro - 9vee,/curso-de-idiomas/alemao/,301,post sobre curso de alemao,,/curso-de-idiomas/alemao/,301
/post/curso-de-espanhol-barato,post-do-blog,Curso de Espanhol Barato - 9vee,/curso-de-idiomas/espanhol/,301,post sobre curso de espanhol,,/curso-de-idiomas/espanhol/,301
/post/curso-de-espanhol-em-alphaville,post-do-blog,Curso de Espanhol em Alphaville - 9vee,/curso-de-idiomas/espanhol/,301,post sobre curso de espanhol,,/curso-de-idiomas/espanhol/,301
/post/curso-de-espanhol-em-aracaju,post-do-blog,Curso de Espanhol em Aracaju - 9vee,/curso-de-idiomas/espanhol/,301,post sobre curso de espanhol,,/curso-de-idiomas/espanhol/,301
/post/curso-de-espanhol-em-belem,post-do-blog,Curso de Espanhol em Belém - 9vee,/curso-de-idiomas/espanhol/,301,post sobre curso de espanhol,,/curso-de-idiomas/espanhol/,301
/post/curso-de-espanhol-em-belo-horizonte,post-do-blog,Curso de Espanhol em Belo Horizonte - 9vee,/curso-de-idiomas/espanhol/,301,post sobre curso de espanhol,,/curso-de-idiomas/espanhol/,301
/post/curso-de-espanhol-em-blumenau,post-do-blog,Curso de Espanhol em Blumenau - 9vee,/curso-de-idiomas/espanhol/,301,post sobre curso de espanhol,,/curso-de-idiomas/espanhol/,301
/post/curso-de-espanhol-em-brasilia,post-do-blog,Curso de Espanhol em Brasília - 9vee,/curso-de-idiomas/espanhol/,301,post sobre curso de espanhol,,/curso-de-idiomas/espanhol/,301
/post/curso-de-espanhol-em-campinas,post-do-blog,Curso de Espanhol em Campinas - 9vee,/curso-de-idiomas/espanhol/,301,post sobre curso de espanhol,,/curso-de-idiomas/espanhol/,301
/post/curso-de-espanhol-em-campo-grande,post-do-blog,Curso de Espanhol em Campo Grande - 9vee,/curso-de-idiomas/espanhol/,301,post sobre curso de espanhol,,/curso-de-idiomas/espanhol/,301
/post/curso-de-espanhol-em-cuiaba,post-do-blog,Curso de Espanhol em Cuiabá - 9vee,/curso-de-idiomas/espanhol/,301,post sobre curso de espanhol,,/curso-de-idiomas/espanhol/,301
/post/curso-de-espanhol-em-curitiba,post-do-blog,Curso de Espanhol em Curitiba - 9vee,/curso-de-idiomas/espanhol/,301,post sobre curso de espanhol,,/curso-de-idiomas/espanhol/,301
/post/curso-de-espanhol-em-florianopolis,post-do-blog,Curso de Espanhol em Florianópolis - 9vee,/curso-de-idiomas/espanhol/,301,post sobre curso de espanhol,,/curso-de-idiomas/espanhol/,301
/post/curso-de-espanhol-em-fortaleza,post-do-blog,Curso de Espanhol em Fortaleza - 9vee,/curso-de-idiomas/espanhol/,301,post sobre curso de espanhol,,/curso-de-idiomas/espanhol/,301
/post/curso-de-espanhol-em-goiania,post-do-blog,Curso de Espanhol em Goiânia - 9vee,/curso-de-idiomas/espanhol/,301,post sobre curso de espanhol,,/curso-de-idiomas/espanhol/,301
/post/curso-de-espanhol-em-guarulhos,post-do-blog,Curso de Espanhol em Guarulhos - 9vee,/curso-de-idiomas/espanhol/,301,post sobre curso de espanhol,,/curso-de-idiomas/espanhol/,301
/post/curso-de-espanhol-em-joao-pessoa,post-do-blog,Curso de Espanhol em João Pessoa - 9vee,/curso-de-idiomas/espanhol/,301,post sobre curso de espanhol,,/curso-de-idiomas/espanhol/,301
/post/curso-de-espanhol-em-joinville,post-do-blog,Curso de Espanhol em Joinville - 9vee,/curso-de-idiomas/espanhol/,301,post sobre curso de espanhol,,/curso-de-idiomas/espanhol/,301
/post/curso-de-espanhol-em-jundiai,post-do-blog,Curso de Espanhol em Jundiaí - 9vee,/curso-de-idiomas/espanhol/,301,post sobre curso de espanhol,,/curso-de-idiomas/espanhol/,301
/post/curso-de-espanhol-em-londrina,post-do-blog,Curso de Espanhol em Londrina - 9vee,/curso-de-idiomas/espanhol/,301,post sobre curso de espanhol,,/curso-de-idiomas/espanhol/,301
/post/curso-de-espanhol-em-macapa,post-do-blog,Curso de Espanhol em Macapá - 9vee,/curso-de-idiomas/espanhol/,301,post sobre curso de espanhol,,/curso-de-idiomas/espanhol/,301
/post/curso-de-espanhol-em-manaus,post-do-blog,Curso de Espanhol em Manaus - 9vee,/curso-de-idiomas/espanhol/,301,post sobre curso de espanhol,,/curso-de-idiomas/espanhol/,301
/post/curso-de-espanhol-em-maringa,post-do-blog,Curso de Espanhol em Maringá - 9vee,/curso-de-idiomas/espanhol/,301,post sobre curso de espanhol,,/curso-de-idiomas/espanhol/,301
/post/curso-de-espanhol-em-natal,post-do-blog,Curso de Espanhol em Natal - 9vee,/curso-de-idiomas/espanhol/,301,post sobre curso de espanhol,,/curso-de-idiomas/espanhol/,301
/post/curso-de-espanhol-em-niteroi,post-do-blog,Curso de Espanhol em Niterói - 9vee,/curso-de-idiomas/espanhol/,301,post sobre curso de espanhol,,/curso-de-idiomas/espanhol/,301
/post/curso-de-espanhol-em-osasco,post-do-blog,Curso de Espanhol em Osasco - 9vee,/curso-de-idiomas/espanhol/,301,post sobre curso de espanhol,,/curso-de-idiomas/espanhol/,301
/post/curso-de-espanhol-em-palmas,post-do-blog,Curso de Espanhol em Palmas - 9vee,/curso-de-idiomas/espanhol/,301,post sobre curso de espanhol,,/curso-de-idiomas/espanhol/,301
/post/curso-de-espanhol-em-ponta-grossa,post-do-blog,Curso de Espanhol em Ponta Grossa - 9vee,/curso-de-idiomas/espanhol/,301,post sobre curso de espanhol,,/curso-de-idiomas/espanhol/,301
/post/curso-de-espanhol-em-porto-alegre,post-do-blog,Curso de Espanhol em Porto Alegre - 9vee,/curso-de-idiomas/espanhol/,301,post sobre curso de espanhol,,/curso-de-idiomas/espanhol/,301
/post/curso-de-espanhol-em-porto-velho,post-do-blog,Curso de Espanhol em Porto Velho - 9vee,/curso-de-idiomas/espanhol/,301,post sobre curso de espanhol,,/curso-de-idiomas/espanhol/,301
/post/curso-de-espanhol-em-recife,post-do-blog,Curso de Espanhol em Recife - 9vee,/curso-de-idiomas/espanhol/,301,post sobre curso de espanhol,,/curso-de-idiomas/espanhol/,301
/post/curso-de-espanhol-em-ribeirao-preto,post-do-blog,Curso de Espanhol em Ribeirão Preto - 9vee,/curso-de-idiomas/espanhol/,301,post sobre curso de espanhol,,/curso-de-idiomas/espanhol/,301
/post/curso-de-espanhol-em-rio-branco,post-do-blog,Curso de Espanhol em Rio Branco - 9vee,/curso-de-idiomas/espanhol/,301,post sobre curso de espanhol,,/curso-de-idiomas/espanhol/,301
/post/curso-de-espanhol-em-salvador,post-do-blog,Curso de Espanhol em Salvador - 9vee,/curso-de-idiomas/espanhol/,301,post sobre curso de espanhol,,/curso-de-idiomas/espanhol/,301
/post/curso-de-espanhol-em-sao-bernardo-do-campo,post-do-blog,Curso de Espanhol em São Bernardo do Campo - 9vee,/curso-de-idiomas/espanhol/,301,post sobre curso de espanhol,,/curso-de-idiomas/espanhol/,301
/post/curso-de-espanhol-em-sao-caetano-do-sul,post-do-blog,Curso de Espanhol em São Caetano do Sul - 9vee,/curso-de-idiomas/espanhol/,301,post sobre curso de espanhol,,/curso-de-idiomas/espanhol/,301
/post/curso-de-espanhol-em-sao-luis,post-do-blog,Curso de Espanhol em São Luís - 9vee,/curso-de-idiomas/espanhol/,301,post sobre curso de espanhol,,/curso-de-idiomas/espanhol/,301
/post/curso-de-espanhol-em-sorocaba,post-do-blog,Curso de Espanhol em Sorocaba - 9vee,/curso-de-idiomas/espanhol/,301,post sobre curso de espanhol,,/curso-de-idiomas/espanhol/,301
/post/curso-de-espanhol-em-teresina,post-do-blog,Curso de Espanhol em Teresina - 9vee,/curso-de-idiomas/espanhol/,301,post sobre curso de espanhol,,/curso-de-idiomas/espanhol/,301
/post/curso-de-espanhol-em-uberaba,post-do-blog,Curso de espanhol em Uberaba - 9vee,/curso-de-idiomas/espanhol/,301,post sobre curso de espanhol,,/curso-de-idiomas/espanhol/,301
/post/curso-de-espanhol-em-uberlandia,post-do-blog,Curso de Espanhol em Uberlândia - 9vee,/curso-de-idiomas/espanhol/,301,post sobre curso de espanhol,,/curso-de-idiomas/espanhol/,301
/post/curso-de-espanhol-em-vitoria,post-do-blog,Curso de Espanhol em Vitória - 9vee,/curso-de-idiomas/espanhol/,301,post sobre curso de espanhol,,/curso-de-idiomas/espanhol/,301
/post/curso-de-espanhol-na-av-paulista,post-do-blog,Curso de Espanhol na Av. Paulista - 9vee,/curso-de-idiomas/espanhol/,301,post sobre curso de espanhol,,/curso-de-idiomas/espanhol/,301
/post/curso-de-espanhol-na-faria-lima,post-do-blog,Curso de Espanhol na Faria Lima - 9vee,/curso-de-idiomas/espanhol/,301,post sobre curso de espanhol,,/curso-de-idiomas/espanhol/,301
/post/curso-de-espanhol-na-vila-madalena,post-do-blog,Curso de Espanhol na Vila Madalena - 9vee,/curso-de-idiomas/espanhol/,301,post sobre curso de espanhol,,/curso-de-idiomas/espanhol/,301
/post/curso-de-espanhol-na-vila-mariana,post-do-blog,Curso de Espanhol na Vila Mariana - 9vee,/curso-de-idiomas/espanhol/,301,post sobre curso de espanhol,,/curso-de-idiomas/espanhol/,301
/post/curso-de-espanhol-na-vila-olimpia,post-do-blog,Curso de Espanhol na Vila Olímpia - 9vee,/curso-de-idiomas/espanhol/,301,post sobre curso de espanhol,,/curso-de-idiomas/espanhol/,301
/post/curso-de-espanhol-no-itaim-bibi,post-do-blog,Curso de Espanhol no Itaim Bibi - 9vee,/curso-de-idiomas/espanhol/,301,post sobre curso de espanhol,,/curso-de-idiomas/espanhol/,301
/post/curso-de-espanhol-no-rio-de-janeiro,post-do-blog,Curso de Espanhol no Rio de Janeiro - 9vee,/curso-de-idiomas/espanhol/,301,post sobre curso de espanhol,,/curso-de-idiomas/espanhol/,301
/post/curso-de-espanhol-nos-jardins,post-do-blog,Curso de Espanhol nos Jardins – 9vee,/curso-de-idiomas/espanhol/,301,post sobre curso de espanhol,,/curso-de-idiomas/espanhol/,301
/post/curso-de-espanhol-presencial,post-do-blog,Curso de Espanhol Presencial - 9vee,/curso-de-idiomas/espanhol/,301,post sobre curso de espanhol,,/curso-de-idiomas/espanhol/,301
/post/curso-de-frances-em-alphaville,post-do-blog,Curso de Francês em Alphaville - 9vee,/curso-de-idiomas/frances/,301,post sobre curso de frances,,/curso-de-idiomas/frances/,301
/post/curso-de-frances-em-aracaju,post-do-blog,Curso de Francês em Aracaju - 9vee,/curso-de-idiomas/frances/,301,post sobre curso de frances,,/curso-de-idiomas/frances/,301
/post/curso-de-frances-em-balneario-camboriu,post-do-blog,Curso de Francês em Balneário Camboriú - 9vee,/curso-de-idiomas/frances/,301,post sobre curso de frances,,/curso-de-idiomas/frances/,301
/post/curso-de-frances-em-brasilia,post-do-blog,Curso de Francês em Brasília - 9vee,/curso-de-idiomas/frances/,301,post sobre curso de frances,,/curso-de-idiomas/frances/,301
/post/curso-de-frances-em-campinas,post-do-blog,Curso de Francês em Campinas - 9vee,/curso-de-idiomas/frances/,301,post sobre curso de frances,,/curso-de-idiomas/frances/,301
/post/curso-de-frances-em-curitiba,post-do-blog,Curso de Francês em Curitiba - 9vee,/curso-de-idiomas/frances/,301,post sobre curso de frances,,/curso-de-idiomas/frances/,301
/post/curso-de-frances-em-goiania,post-do-blog,Curso de Francês em Goiânia - 9vee,/curso-de-idiomas/frances/,301,post sobre curso de frances,,/curso-de-idiomas/frances/,301
/post/curso-de-frances-em-guarulhos,post-do-blog,Curso de Francês em Guarulhos - 9vee,/curso-de-idiomas/frances/,301,post sobre curso de frances,,/curso-de-idiomas/frances/,301
/post/curso-de-frances-em-joinville,post-do-blog,Curso de Francês em Joinville - 9vee,/curso-de-idiomas/frances/,301,post sobre curso de frances,,/curso-de-idiomas/frances/,301
/post/curso-de-frances-em-natal,post-do-blog,Curso de Francês em Natal - 9vee,/curso-de-idiomas/frances/,301,post sobre curso de frances,,/curso-de-idiomas/frances/,301
/post/curso-de-frances-em-ribeirao-preto,post-do-blog,Curso de Francês em Ribeirão Preto - 9vee,/curso-de-idiomas/frances/,301,post sobre curso de frances,,/curso-de-idiomas/frances/,301
/post/curso-de-frances-em-salvador,post-do-blog,Curso de Francês em Salvador - 9vee,/curso-de-idiomas/frances/,301,post sobre curso de frances,,/curso-de-idiomas/frances/,301
/post/curso-de-frances-em-santo-andre,post-do-blog,Curso de Francês em Santo André - 9vee,/curso-de-idiomas/frances/,301,post sobre curso de frances,,/curso-de-idiomas/frances/,301
/post/curso-de-frances-em-sao-jose-dos-campos,post-do-blog,Curso de Francês em São José dos Campos - 9vee,/curso-de-idiomas/frances/,301,post sobre curso de frances,,/curso-de-idiomas/frances/,301
/post/curso-de-frances-em-sao-paulo,post-do-blog,Curso de Francês em São Paulo - 9vee,/curso-de-idiomas/frances/,301,post sobre curso de frances,,/curso-de-idiomas/frances/,301
/post/curso-de-frances-em-sorocaba,post-do-blog,Curso de Francês em Sorocaba - 9vee,/curso-de-idiomas/frances/,301,post sobre curso de frances,,/curso-de-idiomas/frances/,301
/post/curso-de-frances-na-faria-lima,post-do-blog,Curso de Francês na Faria Lima - 9vee,/curso-de-idiomas/frances/,301,post sobre curso de frances,,/curso-de-idiomas/frances/,301
/post/curso-de-frances-na-vila-madalena,post-do-blog,Curso de Francês na Vila Madalena - 9vee,/curso-de-idiomas/frances/,301,post sobre curso de frances,,/curso-de-idiomas/frances/,301
/post/curso-de-frances-na-vila-mariana,post-do-blog,Curso de Francês na Vila Mariana - 9vee,/curso-de-idiomas/frances/,301,post sobre curso de frances,,/curso-de-idiomas/frances/,301
/post/curso-de-frances-na-vila-olimpia,post-do-blog,Curso de Francês na Vila Olímpia - 9vee,/curso-de-idiomas/frances/,301,post sobre curso de frances,,/curso-de-idiomas/frances/,301
/post/curso-de-holandes-em-aracaju,post-do-blog,Curso de Holandês em Aracaju - 9vee,/curso-de-idiomas/holandes/,301,post sobre curso de holandes,,/curso-de-idiomas/holandes/,301
/post/curso-de-holandes-em-belem,post-do-blog,Curso de Holandês em Belém - 9vee,/curso-de-idiomas/holandes/,301,post sobre curso de holandes,,/curso-de-idiomas/holandes/,301
/post/curso-de-holandes-em-belo-horizonte,post-do-blog,Curso de Holandês em Belo Horizonte - 9vee,/curso-de-idiomas/holandes/,301,post sobre curso de holandes,,/curso-de-idiomas/holandes/,301
/post/curso-de-holandes-em-blumenau,post-do-blog,Curso de Holandês em Blumenau - 9vee,/curso-de-idiomas/holandes/,301,post sobre curso de holandes,,/curso-de-idiomas/holandes/,301
/post/curso-de-holandes-em-boa-vista,post-do-blog,Curso de Holandês em Boa Vista - 9vee,/curso-de-idiomas/holandes/,301,post sobre curso de holandes,,/curso-de-idiomas/holandes/,301
/post/curso-de-holandes-em-brasilia,post-do-blog,Curso de Holandês em Brasília - 9vee,/curso-de-idiomas/holandes/,301,post sobre curso de holandes,,/curso-de-idiomas/holandes/,301
/post/curso-de-holandes-em-campinas,post-do-blog,Curso de Holandês em Campinas - 9vee,/curso-de-idiomas/holandes/,301,post sobre curso de holandes,,/curso-de-idiomas/holandes/,301
/post/curso-de-holandes-em-campo-grande,post-do-blog,Curso de Holandês em Campo Grande - 9vee,/curso-de-idiomas/holandes/,301,post sobre curso de holandes,,/curso-de-idiomas/holandes/,301
/post/curso-de-holandes-em-cuiaba,post-do-blog,Curso de Holandês em Cuiabá - 9vee,/curso-de-idiomas/holandes/,301,post sobre curso de holandes,,/curso-de-idiomas/holandes/,301
/post/curso-de-holandes-em-curitiba,post-do-blog,Curso de Holandês em Curitiba - 9vee,/curso-de-idiomas/holandes/,301,post sobre curso de holandes,,/curso-de-idiomas/holandes/,301
/post/curso-de-holandes-em-florianopolis,post-do-blog,Curso de Holandês em Florianópolis - 9vee,/curso-de-idiomas/holandes/,301,post sobre curso de holandes,,/curso-de-idiomas/holandes/,301
/post/curso-de-holandes-em-fortaleza,post-do-blog,Curso de Holandês em Fortaleza - 9vee,/curso-de-idiomas/holandes/,301,post sobre curso de holandes,,/curso-de-idiomas/holandes/,301
/post/curso-de-holandes-em-goiania,post-do-blog,Curso de Holandês em Goiânia - 9vee,/curso-de-idiomas/holandes/,301,post sobre curso de holandes,,/curso-de-idiomas/holandes/,301
/post/curso-de-holandes-em-joao-pessoa,post-do-blog,Curso de Holandês em João Pessoa - 9vee,/curso-de-idiomas/holandes/,301,post sobre curso de holandes,,/curso-de-idiomas/holandes/,301
/post/curso-de-holandes-em-joinville,post-do-blog,Curso de Holandês em Joinville - 9vee,/curso-de-idiomas/holandes/,301,post sobre curso de holandes,,/curso-de-idiomas/holandes/,301
/post/curso-de-holandes-em-jundiai,post-do-blog,Curso de Holandês em Jundiaí - 9vee,/curso-de-idiomas/holandes/,301,post sobre curso de holandes,,/curso-de-idiomas/holandes/,301
/post/curso-de-holandes-em-maceio,post-do-blog,Curso de Holandês em Maceió - 9vee,/curso-de-idiomas/holandes/,301,post sobre curso de holandes,,/curso-de-idiomas/holandes/,301
/post/curso-de-holandes-em-manaus,post-do-blog,Curso de Holandês em Manaus - 9vee,/curso-de-idiomas/holandes/,301,post sobre curso de holandes,,/curso-de-idiomas/holandes/,301
/post/curso-de-holandes-em-natal,post-do-blog,Curso de Holandês em Natal - 9vee,/curso-de-idiomas/holandes/,301,post sobre curso de holandes,,/curso-de-idiomas/holandes/,301
/post/curso-de-holandes-em-osasco,post-do-blog,Curso de Holandês em Osasco - 9vee,/curso-de-idiomas/holandes/,301,post sobre curso de holandes,,/curso-de-idiomas/holandes/,301
/post/curso-de-holandes-em-palmas,post-do-blog,Curso de Holandês em Palmas - 9vee,/curso-de-idiomas/holandes/,301,post sobre curso de holandes,,/curso-de-idiomas/holandes/,301
/post/curso-de-holandes-em-porto-alegre,post-do-blog,Curso de Holandês em Porto Alegre - 9vee,/curso-de-idiomas/holandes/,301,post sobre curso de holandes,,/curso-de-idiomas/holandes/,301
/post/curso-de-holandes-em-porto-velho,post-do-blog,Curso de Holandês em Porto Velho - 9vee,/curso-de-idiomas/holandes/,301,post sobre curso de holandes,,/curso-de-idiomas/holandes/,301
/post/curso-de-holandes-em-recife,post-do-blog,Curso de Holandês em Recife - 9vee,/curso-de-idiomas/holandes/,301,post sobre curso de holandes,,/curso-de-idiomas/holandes/,301
/post/curso-de-holandes-em-ribeirao-preto,post-do-blog,Curso de Holandês em Ribeirão Preto - 9vee,/curso-de-idiomas/holandes/,301,post sobre curso de holandes,,/curso-de-idiomas/holandes/,301
/post/curso-de-holandes-em-salvador,post-do-blog,Curso de Holandês em Salvador - 9vee,/curso-de-idiomas/holandes/,301,post sobre curso de holandes,,/curso-de-idiomas/holandes/,301
/post/curso-de-holandes-em-santo-andre,post-do-blog,Curso de Holandês em Santo André - 9vee,/curso-de-idiomas/holandes/,301,post sobre curso de holandes,,/curso-de-idiomas/holandes/,301
/post/curso-de-holandes-em-sao-jose-dos-campos,post-do-blog,Curso de Holandês em São José dos Campos - 9vee,/curso-de-idiomas/holandes/,301,post sobre curso de holandes,,/curso-de-idiomas/holandes/,301
/post/curso-de-holandes-em-sao-luis,post-do-blog,Curso de Holandês em São Luís - 9vee,/curso-de-idiomas/holandes/,301,post sobre curso de holandes,,/curso-de-idiomas/holandes/,301
/post/curso-de-holandes-em-sao-paulo,post-do-blog,Curso de Holandês em São Paulo - 9vee,/curso-de-idiomas/holandes/,301,post sobre curso de holandes,,/curso-de-idiomas/holandes/,301
/post/curso-de-holandes-em-sorocaba,post-do-blog,Curso de Holandês em Sorocaba - 9vee,/curso-de-idiomas/holandes/,301,post sobre curso de holandes,,/curso-de-idiomas/holandes/,301
/post/curso-de-holandes-em-uberaba,post-do-blog,Curso de Holandês em Uberaba - 9vee,/curso-de-idiomas/holandes/,301,post sobre curso de holandes,,/curso-de-idiomas/holandes/,301
/post/curso-de-holandes-na-av-paulista,post-do-blog,Curso de Holandês na Av. Paulista - 9vee,/curso-de-idiomas/holandes/,301,post sobre curso de holandes,,/curso-de-idiomas/holandes/,301
/post/curso-de-holandes-na-vila-mariana,post-do-blog,Curso de Holandês na Vila Mariana - 9vee,/curso-de-idiomas/holandes/,301,post sobre curso de holandes,,/curso-de-idiomas/holandes/,301
/post/curso-de-holandes-na-vila-olimpia,post-do-blog,Curso de Holandês na Vila Olímpia - 9vee,/curso-de-idiomas/holandes/,301,post sobre curso de holandes,,/curso-de-idiomas/holandes/,301
/post/curso-de-holandes-no-itaim-bibi,post-do-blog,Curso de Holandês no Itaim Bibi - 9vee,/curso-de-idiomas/holandes/,301,post sobre curso de holandes,,/curso-de-idiomas/holandes/,301
/post/curso-de-idiomas-em-sao-paulo,post-do-blog,Curso de Idiomas em São Paulo - 9vee,/curso-de-idiomas/,301,post sobre idiomas em geral,,/curso-de-idiomas/,301
/post/curso-de-imersao-em-sao-paulo,post-do-blog,Curso de Imersão em São Paulo - 9vee,/curso-de-idiomas/,301,post sobre idiomas em geral,,/curso-de-idiomas/,301
/post/curso-de-ingles-avancado,post-do-blog,Curso de Inglês Avançado - 9vee,/curso-de-idiomas/ingles/,301,post sobre curso de ingles,,/curso-de-idiomas/ingles/,301
/post/curso-de-ingles-avancado-em-sp,post-do-blog,Curso de Inglês Avançado em SP - 9vee,/curso-de-idiomas/ingles/,301,post sobre curso de ingles,,/curso-de-idiomas/ingles/,301
/post/curso-de-ingles-avancado-preco,post-do-blog,Curso de Inglês Avançado Preço - 9vee,/curso-de-idiomas/ingles/,301,post sobre curso de ingles,,/curso-de-idiomas/ingles/,301
/post/curso-de-ingles-barato,post-do-blog,Curso de Inglês Barato - 9vee,/curso-de-idiomas/ingles/,301,post sobre curso de ingles,,/curso-de-idiomas/ingles/,301
/post/curso-de-ingles-business-para-executivos-na-faria-lima,post-do-blog,Curso de Inglês Business Para Executivos na Faria Lima - 9vee,/curso-de-idiomas/ingles/,301,post sobre curso de ingles,,/curso-de-idiomas/ingles/,301
/post/curso-de-ingles-cotidiano-e-business-na-vila-olimpia,post-do-blog,Curso de Inglês Cotidiano e Business na Vila Olímpia - 9vee,/curso-de-idiomas/ingles/,301,post sobre curso de ingles,,/curso-de-idiomas/ingles/,301
/post/curso-de-ingles-e-espanhol-para-negocios-em-sao-paulo,post-do-blog,Curso de Inglês e Espanhol para Negócios em São Paulo - 9vee,/curso-de-idiomas/,301,"post sobre mais de um idioma (ingles, espanhol)",,/curso-de-idiomas/,301
/post/curso-de-ingles-em-alphaville,post-do-blog,Curso de Inglês em Alphaville - 9vee,/curso-de-idiomas/ingles/,301,post sobre curso de ingles,,/curso-de-idiomas/ingles/,301
/post/curso-de-ingles-em-aracaju,post-do-blog,Curso de Inglês em Aracaju - 9vee,/curso-de-idiomas/ingles/,301,post sobre curso de ingles,,/curso-de-idiomas/ingles/,301
/post/curso-de-ingles-em-balneario-camboriu,post-do-blog,Curso de Inglês em Balneário Camboriú - 9vee,/curso-de-idiomas/ingles/,301,post sobre curso de ingles,,/curso-de-idiomas/ingles/,301
/post/curso-de-ingles-em-belem,post-do-blog,Curso de Inglês em Belém - 9vee,/curso-de-idiomas/ingles/,301,post sobre curso de ingles,,/curso-de-idiomas/ingles/,301
/post/curso-de-ingles-em-belo-horizonte,post-do-blog,Curso de Inglês em Belo Horizonte - 9vee,/curso-de-idiomas/ingles/,301,post sobre curso de ingles,,/curso-de-idiomas/ingles/,301
/post/curso-de-ingles-em-bh,post-do-blog,Curso de Inglês em BH - 9vee,/curso-de-idiomas/ingles/,301,post sobre curso de ingles,,/curso-de-idiomas/ingles/,301
/post/curso-de-ingles-em-blumenau,post-do-blog,Curso de Inglês em Blumenau - 9vee,/curso-de-idiomas/ingles/,301,post sobre curso de ingles,,/curso-de-idiomas/ingles/,301
/post/curso-de-ingles-em-boa-vista,post-do-blog,Curso de Inglês em Boa Vista - 9vee,/curso-de-idiomas/ingles/,301,post sobre curso de ingles,,/curso-de-idiomas/ingles/,301
/post/curso-de-ingles-em-brasilia,post-do-blog,Curso de Inglês em Brasília - 9vee,/curso-de-idiomas/ingles/,301,post sobre curso de ingles,,/curso-de-idiomas/ingles/,301
/post/curso-de-ingles-em-brusque,post-do-blog,Curso de Inglês em Brusque - 9vee,/curso-de-idiomas/ingles/,301,post sobre curso de ingles,,/curso-de-idiomas/ingles/,301
/post/curso-de-ingles-em-campinas,post-do-blog,Curso de Inglês em Campinas - 9vee,/curso-de-idiomas/ingles/,301,post sobre curso de ingles,,/curso-de-idiomas/ingles/,301
/post/curso-de-ingles-em-campo-grande,post-do-blog,Curso de Inglês em Campo Grande - 9vee,/curso-de-idiomas/ingles/,301,post sobre curso de ingles,,/curso-de-idiomas/ingles/,301
/post/curso-de-ingles-em-caxias-do-sul,post-do-blog,Curso de Inglês em Caxias do Sul - 9vee,/curso-de-idiomas/ingles/,301,post sobre curso de ingles,,/curso-de-idiomas/ingles/,301
/post/curso-de-ingles-em-cuiaba,post-do-blog,Curso de Inglês em Cuiabá - 9vee,/curso-de-idiomas/ingles/,301,post sobre curso de ingles,,/curso-de-idiomas/ingles/,301
/post/curso-de-ingles-em-curitiba,post-do-blog,Curso de Inglês em Curitiba - 9vee,/curso-de-idiomas/ingles/,301,post sobre curso de ingles,,/curso-de-idiomas/ingles/,301
/post/curso-de-ingles-em-florianopolis,post-do-blog,Curso de Inglês em Florianópolis - 9vee,/curso-de-idiomas/ingles/,301,post sobre curso de ingles,,/curso-de-idiomas/ingles/,301
/post/curso-de-ingles-em-fortaleza,post-do-blog,Curso de Inglês em Fortaleza - 9vee,/curso-de-idiomas/ingles/,301,post sobre curso de ingles,,/curso-de-idiomas/ingles/,301
/post/curso-de-ingles-em-goiania,post-do-blog,Curso de Inglês em Goiânia - 9vee,/curso-de-idiomas/ingles/,301,post sobre curso de ingles,,/curso-de-idiomas/ingles/,301
/post/curso-de-ingles-em-guarulhos,post-do-blog,Curso de Inglês em Guarulhos - 9vee,/curso-de-idiomas/ingles/,301,post sobre curso de ingles,,/curso-de-idiomas/ingles/,301
/post/curso-de-ingles-em-itajai,post-do-blog,Curso de Inglês em Itajaí - 9vee,/curso-de-idiomas/ingles/,301,post sobre curso de ingles,,/curso-de-idiomas/ingles/,301
/post/curso-de-ingles-em-jaragua-do-sul,post-do-blog,Curso de Inglês em Jaraguá do Sul - 9vee,/curso-de-idiomas/ingles/,301,post sobre curso de ingles,,/curso-de-idiomas/ingles/,301
/post/curso-de-ingles-em-joao-pessoa,post-do-blog,Curso de Inglês em João Pessoa - 9vee,/curso-de-idiomas/ingles/,301,post sobre curso de ingles,,/curso-de-idiomas/ingles/,301
/post/curso-de-ingles-em-joinville,post-do-blog,Curso de Inglês em Joinville - 9vee,/curso-de-idiomas/ingles/,301,post sobre curso de ingles,,/curso-de-idiomas/ingles/,301
/post/curso-de-ingles-em-jundiai,post-do-blog,Curso de Inglês em Jundiaí - 9vee,/curso-de-idiomas/ingles/,301,post sobre curso de ingles,,/curso-de-idiomas/ingles/,301
/post/curso-de-ingles-em-londrina,post-do-blog,Curso de Inglês em Londrina - 9vee,/curso-de-idiomas/ingles/,301,post sobre curso de ingles,,/curso-de-idiomas/ingles/,301
/post/curso-de-ingles-em-macapa,post-do-blog,Curso de Inglês em Macapá - 9vee,/curso-de-idiomas/ingles/,301,post sobre curso de ingles,,/curso-de-idiomas/ingles/,301
/post/curso-de-ingles-em-maceio,post-do-blog,Curso de Inglês em Maceió - 9vee,/curso-de-idiomas/ingles/,301,post sobre curso de ingles,,/curso-de-idiomas/ingles/,301
/post/curso-de-ingles-em-manaus,post-do-blog,Curso de Inglês em Manaus - 9vee,/curso-de-idiomas/ingles/,301,post sobre curso de ingles,,/curso-de-idiomas/ingles/,301
/post/curso-de-ingles-em-marica,post-do-blog,Curso de Inglês em Maricá - 9vee,/curso-de-idiomas/ingles/,301,post sobre curso de ingles,,/curso-de-idiomas/ingles/,301
/post/curso-de-ingles-em-maringa,post-do-blog,Curso de Inglês em Maringá - 9vee,/curso-de-idiomas/ingles/,301,post sobre curso de ingles,,/curso-de-idiomas/ingles/,301
/post/curso-de-ingles-em-natal,post-do-blog,Curso de Inglês em Natal - 9vee,/curso-de-idiomas/ingles/,301,post sobre curso de ingles,,/curso-de-idiomas/ingles/,301
/post/curso-de-ingles-em-niteroi,post-do-blog,Curso de Inglês em Niterói - 9vee,/curso-de-idiomas/ingles/,301,post sobre curso de ingles,,/curso-de-idiomas/ingles/,301
/post/curso-de-ingles-em-novo-hamburgo,post-do-blog,Curso de Inglês em Novo Hamburgo - 9vee,/curso-de-idiomas/ingles/,301,post sobre curso de ingles,,/curso-de-idiomas/ingles/,301
/post/curso-de-ingles-em-osasco,post-do-blog,Curso de Inglês em Osasco - 9vee,/curso-de-idiomas/ingles/,301,post sobre curso de ingles,,/curso-de-idiomas/ingles/,301
/post/curso-de-ingles-em-palmas,post-do-blog,Curso de Inglês em Palmas - 9vee,/curso-de-idiomas/ingles/,301,post sobre curso de ingles,,/curso-de-idiomas/ingles/,301
/post/curso-de-ingles-em-paulinia,post-do-blog,Curso de Inglês em Paulínia - 9vee,/curso-de-idiomas/ingles/,301,post sobre curso de ingles,,/curso-de-idiomas/ingles/,301
/post/curso-de-ingles-em-perdizes,post-do-blog,Curso de Inglês em Perdizes - 9vee,/curso-de-idiomas/ingles/,301,post sobre curso de ingles,,/curso-de-idiomas/ingles/,301
/post/curso-de-ingles-em-pinheiros,post-do-blog,Curso de Inglês em Pinheiros - 9vee,/curso-de-idiomas/ingles/,301,post sobre curso de ingles,,/curso-de-idiomas/ingles/,301
/post/curso-de-ingles-em-piracicaba,post-do-blog,Curso de Inglês em Piracicaba - 9vee,/curso-de-idiomas/ingles/,301,post sobre curso de ingles,,/curso-de-idiomas/ingles/,301
/post/curso-de-ingles-em-ponta-grossa,post-do-blog,Curso de Inglês em Ponta Grossa - 9vee,/curso-de-idiomas/ingles/,301,post sobre curso de ingles,,/curso-de-idiomas/ingles/,301
/post/curso-de-ingles-em-porto-alegre,post-do-blog,Curso de Inglês em Porto Alegre – 9vee,/curso-de-idiomas/ingles/,301,post sobre curso de ingles,,/curso-de-idiomas/ingles/,301
/post/curso-de-ingles-em-porto-velho,post-do-blog,Curso de Inglês em Porto Velho - 9vee,/curso-de-idiomas/ingles/,301,post sobre curso de ingles,,/curso-de-idiomas/ingles/,301
/post/curso-de-ingles-em-recife,post-do-blog,Curso de Inglês em Recife - 9vee,/curso-de-idiomas/ingles/,301,post sobre curso de ingles,,/curso-de-idiomas/ingles/,301
/post/curso-de-ingles-em-rio-branco,post-do-blog,Curso de Inglês em Rio Branco - 9vee,/curso-de-idiomas/ingles/,301,post sobre curso de ingles,,/curso-de-idiomas/ingles/,301
/post/curso-de-ingles-em-salvador,post-do-blog,Curso de Inglês em Salvador - 9vee,/curso-de-idiomas/ingles/,301,post sobre curso de ingles,,/curso-de-idiomas/ingles/,301
/post/curso-de-ingles-em-santo-andre,post-do-blog,Curso de Inglês em Santo André - 9vee,/curso-de-idiomas/ingles/,301,post sobre curso de ingles,,/curso-de-idiomas/ingles/,301
/post/curso-de-ingles-em-sao-bernardo-do-campo,post-do-blog,Curso de Inglês em São Bernardo do Campo - 9vee,/curso-de-idiomas/ingles/,301,post sobre curso de ingles,,/curso-de-idiomas/ingles/,301
/post/curso-de-ingles-em-sao-caetano-do-sul,post-do-blog,Curso de Inglês em São Caetano do Sul - 9vee,/curso-de-idiomas/ingles/,301,post sobre curso de ingles,,/curso-de-idiomas/ingles/,301
/post/curso-de-ingles-em-sao-jose-dos-pinhais,post-do-blog,Curso de Inglês em São José dos Pinhais - 9vee,/curso-de-idiomas/ingles/,301,post sobre curso de ingles,,/curso-de-idiomas/ingles/,301
/post/curso-de-ingles-em-sao-luis,post-do-blog,Curso de Inglês em São Luís - 9vee,/curso-de-idiomas/ingles/,301,post sobre curso de ingles,,/curso-de-idiomas/ingles/,301
/post/curso-de-ingles-em-saquarema,post-do-blog,Curso de Inglês em Saquarema - 9vee,/curso-de-idiomas/ingles/,301,post sobre curso de ingles,,/curso-de-idiomas/ingles/,301
/post/curso-de-ingles-em-sorocaba,post-do-blog,Curso de Inglês em Sorocaba - 9vee,/curso-de-idiomas/ingles/,301,post sobre curso de ingles,,/curso-de-idiomas/ingles/,301
/post/curso-de-ingles-em-teresina,post-do-blog,Curso de Inglês em Teresina - 9vee,/curso-de-idiomas/ingles/,301,post sobre curso de ingles,,/curso-de-idiomas/ingles/,301
/post/curso-de-ingles-em-uberaba,post-do-blog,Curso de Inglês em Uberaba - 9vee,/curso-de-idiomas/ingles/,301,post sobre curso de ingles,,/curso-de-idiomas/ingles/,301
/post/curso-de-ingles-em-uberlandia,post-do-blog,Curso de Inglês em Uberlândia - 9vee,/curso-de-idiomas/ingles/,301,post sobre curso de ingles,,/curso-de-idiomas/ingles/,301
/post/curso-de-ingles-em-vitoria,post-do-blog,Curso de Inglês em Vitória - 9vee,/curso-de-idiomas/ingles/,301,post sobre curso de ingles,,/curso-de-idiomas/ingles/,301
/post/curso-de-ingles-especial-para-kids-em-sao-paulo,post-do-blog,Curso de Inglês Especial Para Kids em São Paulo - 9vee,/curso-de-idiomas/ingles/,301,post sobre curso de ingles,,/curso-de-idiomas/ingles/,301
/post/curso-de-ingles-melhor-preco,post-do-blog,Curso de Inglês Melhor Preço - 9vee,/curso-de-idiomas/ingles/,301,post sobre curso de ingles,,/curso-de-idiomas/ingles/,301
/post/curso-de-ingles-menor-preco,post-do-blog,Curso de Inglês Menor Preço - 9vee,/curso-de-idiomas/ingles/,301,post sobre curso de ingles,,/curso-de-idiomas/ingles/,301
/post/curso-de-ingles-na-vila-madalena,post-do-blog,Curso de Inglês na Vila Madalena - 9vee,/curso-de-idiomas/ingles/,301,post sobre curso de ingles,,/curso-de-idiomas/ingles/,301
/post/curso-de-ingles-na-vila-mariana,post-do-blog,Curso de Inglês na Vila Mariana,/curso-de-idiomas/ingles/,301,post sobre curso de ingles,,/curso-de-idiomas/ingles/,301
/post/curso-de-ingles-no-abc,post-do-blog,Curso de Inglês no ABC - 9vee,/curso-de-idiomas/ingles/,301,post sobre curso de ingles,,/curso-de-idiomas/ingles/,301
/post/curso-de-ingles-no-itaim-bibi,post-do-blog,Curso de Inglês no Itaim Bibi - 9vee,/curso-de-idiomas/ingles/,301,post sobre curso de ingles,,/curso-de-idiomas/ingles/,301
/post/curso-de-ingles-no-morumbi,post-do-blog,Curso de Inglês no Morumbi - 9vee,/curso-de-idiomas/ingles/,301,post sobre curso de ingles,,/curso-de-idiomas/ingles/,301
/post/curso-de-ingles-no-rio-de-janeiro,post-do-blog,Curso de Inglês no Rio de Janeiro - 9vee,/curso-de-idiomas/ingles/,301,post sobre curso de ingles,,/curso-de-idiomas/ingles/,301
/post/curso-de-ingles-no-rj,post-do-blog,Curso de Inglês no RJ - 9vee,/curso-de-idiomas/ingles/,301,post sobre curso de ingles,,/curso-de-idiomas/ingles/,301
/post/curso-de-ingles-no-tatuape,post-do-blog,Curso de Inglês no Tatuapé - 9vee,/curso-de-idiomas/ingles/,301,post sobre curso de ingles,,/curso-de-idiomas/ingles/,301
/post/curso-de-ingles-nos-jardins,post-do-blog,Curso de Inglês nos Jardins - 9vee,/curso-de-idiomas/ingles/,301,post sobre curso de ingles,,/curso-de-idiomas/ingles/,301
/post/curso-de-ingles-para-entrevistas,post-do-blog,Curso de Inglês para Entrevistas - 9vee,/curso-de-idiomas/ingles/,301,post sobre curso de ingles,,/curso-de-idiomas/ingles/,301
/post/curso-de-ingles-para-teens-em-sao-paulo,post-do-blog,Curso de Inglês para Teens em São Paulo - 9vee,/curso-de-idiomas/ingles/,301,post sobre curso de ingles,,/curso-de-idiomas/ingles/,301
/post/curso-de-ingles-preco,post-do-blog,Curso de Inglês Preço - 9vee,/curso-de-idiomas/ingles/,301,post sobre curso de ingles,,/curso-de-idiomas/ingles/,301
/post/curso-de-ingles-ribeirao-preto,post-do-blog,Curso de Inglês Ribeirão Preto - 9vee,/curso-de-idiomas/ingles/,301,post sobre curso de ingles,,/curso-de-idiomas/ingles/,301
/post/curso-de-ingles-sao-jose-dos-campos,post-do-blog,Curso de Inglês São José dos Campos - 9vee,/curso-de-idiomas/ingles/,301,post sobre curso de ingles,,/curso-de-idiomas/ingles/,301
/post/curso-de-italiano-em-balneario-camboriu,post-do-blog,Curso de Italiano em Balneário Camboriú - 9vee,/curso-de-idiomas/italiano/,301,post sobre curso de italiano,,/curso-de-idiomas/italiano/,301
/post/curso-de-italiano-em-belem,post-do-blog,Curso de Italiano em Belém - 9vee,/curso-de-idiomas/italiano/,301,post sobre curso de italiano,,/curso-de-idiomas/italiano/,301
/post/curso-de-italiano-em-belo-horizonte,post-do-blog,Curso de Italiano em Belo Horizonte - 9vee,/curso-de-idiomas/italiano/,301,post sobre curso de italiano,,/curso-de-idiomas/italiano/,301
/post/curso-de-italiano-em-brasilia,post-do-blog,Curso de Italiano em Brasília - 9vee,/curso-de-idiomas/italiano/,301,post sobre curso de italiano,,/curso-de-idiomas/italiano/,301
/post/curso-de-italiano-em-campinas,post-do-blog,Curso de Italiano em Campinas - 9vee,/curso-de-idiomas/italiano/,301,post sobre curso de italiano,,/curso-de-idiomas/italiano/,301
/post/curso-de-italiano-em-campo-grande,post-do-blog,Curso de Italiano em Campo Grande - 9vee,/curso-de-idiomas/italiano/,301,post sobre curso de italiano,,/curso-de-idiomas/italiano/,301
/post/curso-de-italiano-em-curitiba,post-do-blog,Curso de Italiano em Curitiba - 9vee,/curso-de-idiomas/italiano/,301,post sobre curso de italiano,,/curso-de-idiomas/italiano/,301
/post/curso-de-italiano-em-florianopolis,post-do-blog,Curso de Italiano em Florianópolis - 9vee,/curso-de-idiomas/italiano/,301,post sobre curso de italiano,,/curso-de-idiomas/italiano/,301
/post/curso-de-italiano-em-goiania,post-do-blog,Curso de Italiano em Goiânia - 9vee,/curso-de-idiomas/italiano/,301,post sobre curso de italiano,,/curso-de-idiomas/italiano/,301
/post/curso-de-italiano-em-jundiai,post-do-blog,Curso de Italiano em Jundiaí - 9vee,/curso-de-idiomas/italiano/,301,post sobre curso de italiano,,/curso-de-idiomas/italiano/,301
/post/curso-de-italiano-em-manaus,post-do-blog,Curso de Italiano em Manaus - 9vee,/curso-de-idiomas/italiano/,301,post sobre curso de italiano,,/curso-de-idiomas/italiano/,301
/post/curso-de-italiano-em-palmas,post-do-blog,Curso de Italiano em Palmas - 9vee,/curso-de-idiomas/italiano/,301,post sobre curso de italiano,,/curso-de-idiomas/italiano/,301
/post/curso-de-italiano-em-porto-alegre,post-do-blog,Curso de Italiano em Porto Alegre - 9vee,/curso-de-idiomas/italiano/,301,post sobre curso de italiano,,/curso-de-idiomas/italiano/,301
/post/curso-de-italiano-em-recife,post-do-blog,Curso de Italiano em Recife - 9vee,/curso-de-idiomas/italiano/,301,post sobre curso de italiano,,/curso-de-idiomas/italiano/,301
/post/curso-de-italiano-em-ribeirao-preto,post-do-blog,Curso de Italiano em Ribeirão Preto - 9vee,/curso-de-idiomas/italiano/,301,post sobre curso de italiano,,/curso-de-idiomas/italiano/,301
/post/curso-de-italiano-em-salvador,post-do-blog,Curso de Italiano em Salvador - 9vee,/curso-de-idiomas/italiano/,301,post sobre curso de italiano,,/curso-de-idiomas/italiano/,301
/post/curso-de-italiano-em-sao-jose-dos-campos,post-do-blog,Curso de Italiano em São José dos Campos - 9vee,/curso-de-idiomas/italiano/,301,post sobre curso de italiano,,/curso-de-idiomas/italiano/,301
/post/curso-de-italiano-em-sao-paulo,post-do-blog,Curso de Italiano em São Paulo - 9vee,/curso-de-idiomas/italiano/,301,post sobre curso de italiano,,/curso-de-idiomas/italiano/,301
/post/curso-de-italiano-em-sorocaba,post-do-blog,Curso de Italiano em Sorocaba - 9vee,/curso-de-idiomas/italiano/,301,post sobre curso de italiano,,/curso-de-idiomas/italiano/,301
/post/curso-de-italiano-em-teresina,post-do-blog,Curso de Italiano em Teresina - 9vee,/curso-de-idiomas/italiano/,301,post sobre curso de italiano,,/curso-de-idiomas/italiano/,301
/post/curso-de-italiano-em-uberlandia,post-do-blog,Curso de Italiano em Uberlândia - 9vee,/curso-de-idiomas/italiano/,301,post sobre curso de italiano,,/curso-de-idiomas/italiano/,301
/post/curso-de-linguas-em-sao-paulo,post-do-blog,Curso de Línguas em São Paulo - 9vee,/curso-de-idiomas/,301,post sobre idiomas em geral,,/curso-de-idiomas/,301
/post/curso-de-mandarim-no-rio-de-janeiro,post-do-blog,Curso de Mandarim no Rio de Janeiro - 9vee,/curso-de-idiomas/mandarim/,301,post sobre curso de mandarim,,/curso-de-idiomas/mandarim/,301
/post/curso-de-particular-chines-em-curitiba,post-do-blog,Curso de Particular Chinês em Curitiba - 9vee,/curso-de-idiomas/mandarim/,301,post sobre curso de mandarim,,/curso-de-idiomas/mandarim/,301
/post/curso-de-particular-chines-em-porto-alegre,post-do-blog,Curso de Particular Chinês em Porto Alegre - 9vee,/curso-de-idiomas/mandarim/,301,post sobre curso de mandarim,,/curso-de-idiomas/mandarim/,301
/post/curso-holandes-em-teresina,post-do-blog,Curso Holandês em Teresina - 9vee,/curso-de-idiomas/holandes/,301,post sobre curso de holandes,,/curso-de-idiomas/holandes/,301
/post/curso-holandes-na-faria-lima,post-do-blog,Curso Holandês na Faria Lima - 9vee,/curso-de-idiomas/holandes/,301,post sobre curso de holandes,,/curso-de-idiomas/holandes/,301
/post/curso-ingles-na-av-paulista,post-do-blog,Curso de Inglês na Av. Paulista,/curso-de-idiomas/ingles/,301,post sobre curso de ingles,,/curso-de-idiomas/ingles/,301
/post/curso-intensivo-de-ingles,post-do-blog,Curso Intensivo de Inglês - 9vee,/curso-de-idiomas/ingles/,301,post sobre curso de ingles,,/curso-de-idiomas/ingles/,301
/post/curso-intensivo-de-ingles-em-sp,post-do-blog,Curso Intensivo de Inglês em SP - 9vee,/curso-de-idiomas/ingles/,301,post sobre curso de ingles,,/curso-de-idiomas/ingles/,301
/post/curso-intensivo-de-ingles-preco,post-do-blog,Curso Intensivo de Inglês Preço - 9vee,/curso-de-idiomas/ingles/,301,post sobre curso de ingles,,/curso-de-idiomas/ingles/,301
/post/curso-particular-de-alemao-em-sao-paulo,post-do-blog,Curso Particular de Alemão em São Paulo - 9vee,/curso-de-idiomas/alemao/,301,post sobre curso de alemao,,/curso-de-idiomas/alemao/,301
/post/curso-particular-de-arabe-em-sao-paulo,post-do-blog,Curso Particular de Árabe em São Paulo - 9vee,/curso-de-idiomas/arabe/,301,post sobre curso de arabe,,/curso-de-idiomas/arabe/,301
/post/curso-particular-de-arabe-no-rio-de-janeiro,post-do-blog,Curso Particular de Árabe no Rio de Janeiro – 9vee,/curso-de-idiomas/arabe/,301,post sobre curso de arabe,,/curso-de-idiomas/arabe/,301
/post/curso-particular-de-chines-em-alphaville,post-do-blog,Curso Particular de Chinês em Alphaville - 9vee,/curso-de-idiomas/mandarim/,301,post sobre curso de mandarim,,/curso-de-idiomas/mandarim/,301
/post/curso-particular-de-chines-em-aracaju,post-do-blog,Curso Particular de Chinês em Aracaju - 9vee,/curso-de-idiomas/mandarim/,301,post sobre curso de mandarim,,/curso-de-idiomas/mandarim/,301
/post/curso-particular-de-chines-em-balneario-camboriu,post-do-blog,Curso Particular de Chinês em Balneário Camboriú - 9vee,/curso-de-idiomas/mandarim/,301,post sobre curso de mandarim,,/curso-de-idiomas/mandarim/,301
/post/curso-particular-de-chines-em-belo-horizonte,post-do-blog,Curso Particular de Chinês em Belo Horizonte - 9vee,/curso-de-idiomas/mandarim/,301,post sobre curso de mandarim,,/curso-de-idiomas/mandarim/,301
/post/curso-particular-de-chines-em-brasilia,post-do-blog,Curso Particular de Chinês em Brasília - 9vee,/curso-de-idiomas/mandarim/,301,post sobre curso de mandarim,,/curso-de-idiomas/mandarim/,301
/post/curso-particular-de-chines-em-campinas,post-do-blog,Curso Particular de Chinês em Campinas - 9vee,/curso-de-idiomas/mandarim/,301,post sobre curso de mandarim,,/curso-de-idiomas/mandarim/,301
/post/curso-particular-de-chines-em-campo-grande,post-do-blog,Curso Particular de Chinês em Campo Grande - 9vee,/curso-de-idiomas/mandarim/,301,post sobre curso de mandarim,,/curso-de-idiomas/mandarim/,301
/post/curso-particular-de-chines-em-goiania,post-do-blog,Curso Particular de Chinês em Goiânia - 9vee,/curso-de-idiomas/mandarim/,301,post sobre curso de mandarim,,/curso-de-idiomas/mandarim/,301
/post/curso-particular-de-chines-em-joao-pessoa,post-do-blog,Curso Particular de Chinês em João Pessoa - 9vee,/curso-de-idiomas/mandarim/,301,post sobre curso de mandarim,,/curso-de-idiomas/mandarim/,301
/post/curso-particular-de-chines-em-joinville,post-do-blog,Curso Particular de Chinês em Joinville - 9vee,/curso-de-idiomas/mandarim/,301,post sobre curso de mandarim,,/curso-de-idiomas/mandarim/,301
/post/curso-particular-de-chines-em-jundiai,post-do-blog,Curso Particular de Chinês em Jundiaí - 9vee,/curso-de-idiomas/mandarim/,301,post sobre curso de mandarim,,/curso-de-idiomas/mandarim/,301
/post/curso-particular-de-chines-em-londrina,post-do-blog,Curso Particular de Chinês em Londrina - 9vee,/curso-de-idiomas/mandarim/,301,post sobre curso de mandarim,,/curso-de-idiomas/mandarim/,301
/post/curso-particular-de-chines-em-niteroi,post-do-blog,Curso Particular de Chinês em Niterói - 9vee,/curso-de-idiomas/mandarim/,301,post sobre curso de mandarim,,/curso-de-idiomas/mandarim/,301
/post/curso-particular-de-chines-em-palmas,post-do-blog,Curso Particular de Chinês em Palmas - 9vee,/curso-de-idiomas/mandarim/,301,post sobre curso de mandarim,,/curso-de-idiomas/mandarim/,301
/post/curso-particular-de-chines-em-ribeirao-preto,post-do-blog,Curso Particular de Chinês em Ribeirão Preto - 9vee,/curso-de-idiomas/mandarim/,301,post sobre curso de mandarim,,/curso-de-idiomas/mandarim/,301
/post/curso-particular-de-chines-em-salvador,post-do-blog,Curso Particular de Chinês em Salvador - 9vee,/curso-de-idiomas/mandarim/,301,post sobre curso de mandarim,,/curso-de-idiomas/mandarim/,301
/post/curso-particular-de-chines-em-santo-andre,post-do-blog,Curso Particular de Chinês em Santo André - 9vee,/curso-de-idiomas/mandarim/,301,post sobre curso de mandarim,,/curso-de-idiomas/mandarim/,301
/post/curso-particular-de-chines-em-sao-jose-dos-campos,post-do-blog,Curso de Particular Chinês em São José dos Campos - 9vee,/curso-de-idiomas/mandarim/,301,post sobre curso de mandarim,,/curso-de-idiomas/mandarim/,301
/post/curso-particular-de-chines-em-sao-luis,post-do-blog,Curso Particular de Chinês em São Luís - 9vee,/curso-de-idiomas/mandarim/,301,post sobre curso de mandarim,,/curso-de-idiomas/mandarim/,301
/post/curso-particular-de-chines-em-sao-paulo,post-do-blog,Curso Particular de Chinês em São Paulo - 9vee,/curso-de-idiomas/mandarim/,301,post sobre curso de mandarim,,/curso-de-idiomas/mandarim/,301
/post/curso-particular-de-chines-em-sorocaba,post-do-blog,Curso Particular de Chinês em Sorocaba - 9vee,/curso-de-idiomas/mandarim/,301,post sobre curso de mandarim,,/curso-de-idiomas/mandarim/,301
/post/curso-particular-de-chines-em-teresina,post-do-blog,Curso Particular de Chinês em Teresina - 9vee,/curso-de-idiomas/mandarim/,301,post sobre curso de mandarim,,/curso-de-idiomas/mandarim/,301
/post/curso-particular-de-chines-em-vitoria,post-do-blog,Curso Particular de Chinês em Vitória - 9vee,/curso-de-idiomas/mandarim/,301,post sobre curso de mandarim,,/curso-de-idiomas/mandarim/,301
/post/curso-particular-de-chines-na-av-paulista,post-do-blog,Curso Particular de Chinês na Av. Paulista - 9vee,/curso-de-idiomas/mandarim/,301,post sobre curso de mandarim,,/curso-de-idiomas/mandarim/,301
/post/curso-particular-de-chines-na-faria-lima,post-do-blog,Curso Particular de Chinês na Faria Lima - 9vee,/curso-de-idiomas/mandarim/,301,post sobre curso de mandarim,,/curso-de-idiomas/mandarim/,301
/post/curso-particular-de-chines-na-vila-madalena,post-do-blog,Curso Particular de Chinês na Vila Madalena – 9vee,/curso-de-idiomas/mandarim/,301,post sobre curso de mandarim,,/curso-de-idiomas/mandarim/,301
/post/curso-particular-de-chines-na-vila-mariana,post-do-blog,Curso Particular de Chinês na Vila Mariana - 9vee,/curso-de-idiomas/mandarim/,301,post sobre curso de mandarim,,/curso-de-idiomas/mandarim/,301
/post/curso-particular-de-chines-na-vila-olimpia,post-do-blog,Curso Particular de Chinês na Vila Olímpia - 9vee,/curso-de-idiomas/mandarim/,301,post sobre curso de mandarim,,/curso-de-idiomas/mandarim/,301
/post/curso-particular-de-chines-no-itaim-bibi,post-do-blog,Curso Particular de Chinês no Itaim Bibi - 9vee,/curso-de-idiomas/mandarim/,301,post sobre curso de mandarim,,/curso-de-idiomas/mandarim/,301
/post/curso-particular-de-chines-no-rio-de-janeiro,post-do-blog,Curso Particular de Chinês no Rio de Janeiro - 9vee,/curso-de-idiomas/mandarim/,301,post sobre curso de mandarim,,/curso-de-idiomas/mandarim/,301
/post/curso-particular-de-chines-nos-jardins,post-do-blog,Curso Particular de Chinês nos Jardins - 9vee,/curso-de-idiomas/mandarim/,301,post sobre curso de mandarim,,/curso-de-idiomas/mandarim/,301
/post/curso-particular-de-espanhol-em-sao-paulo,post-do-blog,Curso Particular de Espanhol em São Paulo - 9vee,/curso-de-idiomas/espanhol/,301,post sobre curso de espanhol,,/curso-de-idiomas/espanhol/,301
/post/curso-particular-de-frances-em-sao-paulo,post-do-blog,Curso Particular de Francês em São Paulo - 9vee,/curso-de-idiomas/frances/,301,post sobre curso de frances,,/curso-de-idiomas/frances/,301
/post/curso-particular-de-japones-em-balneario-camboriu,post-do-blog,Curso Particular de Japonês em Balneário Camboriú - 9vee,/curso-de-idiomas/japones/,301,post sobre curso de japones,,/curso-de-idiomas/japones/,301
/post/curso-particular-de-japones-em-belem,post-do-blog,Curso Particular de Japonês em Belém - 9vee,/curso-de-idiomas/japones/,301,post sobre curso de japones,,/curso-de-idiomas/japones/,301
/post/curso-particular-de-japones-em-belo-horizonte,post-do-blog,Curso Particular de Japonês em Belo Horizonte - 9vee,/curso-de-idiomas/japones/,301,post sobre curso de japones,,/curso-de-idiomas/japones/,301
/post/curso-particular-de-japones-em-brasilia,post-do-blog,Curso Particular de Japonês em Brasília - 9vee,/curso-de-idiomas/japones/,301,post sobre curso de japones,,/curso-de-idiomas/japones/,301
/post/curso-particular-de-japones-em-campinas,post-do-blog,Curso Particular de Japonês em Campinas - 9vee,/curso-de-idiomas/japones/,301,post sobre curso de japones,,/curso-de-idiomas/japones/,301
/post/curso-particular-de-japones-em-campo-grande,post-do-blog,Curso Particular de Japonês em Campo Grande - 9vee,/curso-de-idiomas/japones/,301,post sobre curso de japones,,/curso-de-idiomas/japones/,301
/post/curso-particular-de-japones-em-curitiba,post-do-blog,Curso Particular de Japonês em Curitiba - 9vee,/curso-de-idiomas/japones/,301,post sobre curso de japones,,/curso-de-idiomas/japones/,301
/post/curso-particular-de-japones-em-florianopolis,post-do-blog,Curso Particular de Japonês em Florianópolis - 9vee,/curso-de-idiomas/japones/,301,post sobre curso de japones,,/curso-de-idiomas/japones/,301
/post/curso-particular-de-japones-em-goiania,post-do-blog,Curso Particular de Japonês em Goiânia - 9vee,/curso-de-idiomas/japones/,301,post sobre curso de japones,,/curso-de-idiomas/japones/,301
/post/curso-particular-de-japones-em-joinville,post-do-blog,Curso Particular de Japonês em Joinville - 9vee,/curso-de-idiomas/japones/,301,post sobre curso de japones,,/curso-de-idiomas/japones/,301
/post/curso-particular-de-japones-em-manaus,post-do-blog,Curso Particular de Japonês em Manaus - 9vee,/curso-de-idiomas/japones/,301,post sobre curso de japones,,/curso-de-idiomas/japones/,301
/post/curso-particular-de-japones-em-porto-alegre,post-do-blog,Curso Particular de Japonês em Porto Alegre - 9vee,/curso-de-idiomas/japones/,301,post sobre curso de japones,,/curso-de-idiomas/japones/,301
/post/curso-particular-de-japones-em-recife,post-do-blog,Curso Particular de Japonês em Recife - 9vee,/curso-de-idiomas/japones/,301,post sobre curso de japones,,/curso-de-idiomas/japones/,301
/post/curso-particular-de-japones-em-ribeirao-preto,post-do-blog,Curso Particular de Japonês em Ribeirão Preto - 9vee,/curso-de-idiomas/japones/,301,post sobre curso de japones,,/curso-de-idiomas/japones/,301
/post/curso-particular-de-japones-em-sao-jose-dos-campos,post-do-blog,Curso Particular de Japonês em São José dos Campos - 9vee,/curso-de-idiomas/japones/,301,post sobre curso de japones,,/curso-de-idiomas/japones/,301
/post/curso-particular-de-japones-em-sao-paulo,post-do-blog,Curso Particular de Japonês em São Paulo - 9vee,/curso-de-idiomas/japones/,301,post sobre curso de japones,,/curso-de-idiomas/japones/,301
/post/curso-particular-de-japones-em-sorocaba,post-do-blog,Curso Particular de Japonês em Sorocaba - 9vee,/curso-de-idiomas/japones/,301,post sobre curso de japones,,/curso-de-idiomas/japones/,301
/post/curso-particular-de-japones-em-teresina,post-do-blog,Curso Particular de Japonês em Teresina - 9vee,/curso-de-idiomas/japones/,301,post sobre curso de japones,,/curso-de-idiomas/japones/,301
/post/curso-particular-de-linguas-em-sao-paulo,post-do-blog,Curso Particular de Línguas em São Paulo - 9vee,/curso-de-idiomas/,301,post sobre idiomas em geral,,/curso-de-idiomas/,301
/post/curso-particular-de-mandarim-em-sao-paulo,post-do-blog,Curso Particular de Mandarim em São Paulo - 9vee,/curso-de-idiomas/mandarim/,301,post sobre curso de mandarim,,/curso-de-idiomas/mandarim/,301
/post/curso-particular-de-noruegues-em-balneario-camboriu,post-do-blog,Curso Particular de Norueguês em Balneário Camboriú - 9vee,/curso-de-idiomas/noruegues/,301,post sobre curso de noruegues,,/curso-de-idiomas/noruegues/,301
/post/curso-particular-de-noruegues-em-belo-horizonte,post-do-blog,Curso Particular de Norueguês em Belo Horizonte - 9vee,/curso-de-idiomas/noruegues/,301,post sobre curso de noruegues,,/curso-de-idiomas/noruegues/,301
/post/curso-particular-de-noruegues-em-brasilia,post-do-blog,Curso Particular de Norueguês em Brasília - 9vee,/curso-de-idiomas/noruegues/,301,post sobre curso de noruegues,,/curso-de-idiomas/noruegues/,301
/post/curso-particular-de-noruegues-em-campinas,post-do-blog,Curso Particular de Norueguês em Campinas - 9vee,/curso-de-idiomas/noruegues/,301,post sobre curso de noruegues,,/curso-de-idiomas/noruegues/,301
/post/curso-particular-de-noruegues-em-curitiba,post-do-blog,Curso Particular de Norueguês em Curitiba - 9vee,/curso-de-idiomas/noruegues/,301,post sobre curso de noruegues,,/curso-de-idiomas/noruegues/,301
/post/curso-particular-de-noruegues-em-florianopolis,post-do-blog,Curso Particular de Norueguês em Florianópolis - 9vee,/curso-de-idiomas/noruegues/,301,post sobre curso de noruegues,,/curso-de-idiomas/noruegues/,301
/post/curso-particular-de-noruegues-em-jundiai,post-do-blog,Curso Particular de Norueguês em Jundiaí - 9vee,/curso-de-idiomas/noruegues/,301,post sobre curso de noruegues,,/curso-de-idiomas/noruegues/,301
/post/curso-particular-de-noruegues-em-ribeirao-preto,post-do-blog,Curso Particular de Norueguês em Ribeirão Preto - 9vee,/curso-de-idiomas/noruegues/,301,post sobre curso de noruegues,,/curso-de-idiomas/noruegues/,301
/post/curso-particular-de-noruegues-em-salvador,post-do-blog,Curso Particular de Norueguês em Salvador - 9vee,/curso-de-idiomas/noruegues/,301,post sobre curso de noruegues,,/curso-de-idiomas/noruegues/,301
/post/curso-particular-de-noruegues-em-sao-paulo,post-do-blog,Curso Particular de Norueguês em São Paulo - 9vee,/curso-de-idiomas/noruegues/,301,post sobre curso de noruegues,,/curso-de-idiomas/noruegues/,301
/post/curso-particular-de-noruegues-em-sorocaba,post-do-blog,Curso Particular de Norueguês em Sorocaba – 9vee,/curso-de-idiomas/noruegues/,301,post sobre curso de noruegues,,/curso-de-idiomas/noruegues/,301
/post/curso-particular-de-noruegues-no-rio-de-janeiro,post-do-blog,Curso Particular de Norueguês no Rio de Janeiro - 9vee,/curso-de-idiomas/noruegues/,301,post sobre curso de noruegues,,/curso-de-idiomas/noruegues/,301
/post/curso-particular-de-portugues-para-estrangeiros-em-sao-paulo,post-do-blog,Curso Particular de Português para Estrangeiros em São Paulo - 9vee,/curso-de-idiomas/portugues-para-estrangeiros/,301,post sobre curso de portugues-para-estrangeiros,,/curso-de-idiomas/portugues-para-estrangeiros/,301
/post/curso-particular-de-russo-em-sao-paulo,post-do-blog,Curso Particular de Russo em São Paulo - 9vee,/curso-de-idiomas/russo/,301,post sobre curso de russo,,/curso-de-idiomas/russo/,301
/post/curso-particular-de-sueco-em-balneario-camboriu,post-do-blog,Curso Particular de Sueco em Balneário Camboriú - 9vee,/curso-de-idiomas/sueco/,301,post sobre curso de sueco,,/curso-de-idiomas/sueco/,301
/post/curso-particular-de-sueco-em-belo-horizonte,post-do-blog,Curso Particular de Sueco em Belo Horizonte - 9vee,/curso-de-idiomas/sueco/,301,post sobre curso de sueco,,/curso-de-idiomas/sueco/,301
/post/curso-particular-de-sueco-em-brasilia,post-do-blog,Curso Particular de Sueco em Brasília - 9vee,/curso-de-idiomas/sueco/,301,post sobre curso de sueco,,/curso-de-idiomas/sueco/,301
/post/curso-particular-de-sueco-em-campinas,post-do-blog,Curso Particular de Sueco em Campinas - 9vee,/curso-de-idiomas/sueco/,301,post sobre curso de sueco,,/curso-de-idiomas/sueco/,301
/post/curso-particular-de-sueco-em-curitiba,post-do-blog,Curso Particular de Sueco em Curitiba - 9vee,/curso-de-idiomas/sueco/,301,post sobre curso de sueco,,/curso-de-idiomas/sueco/,301
/post/curso-particular-de-sueco-em-florianopolis,post-do-blog,Curso Particular de Sueco em Florianópolis - 9vee,/curso-de-idiomas/sueco/,301,post sobre curso de sueco,,/curso-de-idiomas/sueco/,301
/post/curso-particular-de-sueco-em-goiania,post-do-blog,Curso Particular de Sueco em Goiânia - 9vee,/curso-de-idiomas/sueco/,301,post sobre curso de sueco,,/curso-de-idiomas/sueco/,301
/post/curso-particular-de-sueco-em-ribeirao-preto,post-do-blog,Curso Particular de Sueco em Ribeirão Preto - 9vee,/curso-de-idiomas/sueco/,301,post sobre curso de sueco,,/curso-de-idiomas/sueco/,301
/post/curso-particular-de-sueco-em-salvador,post-do-blog,Curso Particular de Sueco em Salvador - 9vee,/curso-de-idiomas/sueco/,301,post sobre curso de sueco,,/curso-de-idiomas/sueco/,301
/post/curso-particular-de-sueco-em-sao-paulo,post-do-blog,Curso Particular de Sueco em São Paulo - 9vee,/curso-de-idiomas/sueco/,301,post sobre curso de sueco,,/curso-de-idiomas/sueco/,301
/post/curso-particular-de-sueco-em-sorocaba,post-do-blog,Curso Particular de Sueco em Sorocaba - 9vee,/curso-de-idiomas/sueco/,301,post sobre curso de sueco,,/curso-de-idiomas/sueco/,301
/post/curso-particular-de-sueco-no-rio-de-janeiro,post-do-blog,Curso Particular de Sueco no Rio de Janeiro - 9vee,/curso-de-idiomas/sueco/,301,post sobre curso de sueco,,/curso-de-idiomas/sueco/,301
/post/curso-preparatorio-inburgering-em-aracaju,post-do-blog,Curso Preparatório para o Inburgering em Aracaju - 9vee,/curso-de-idiomas/holandes/,301,post sobre curso de holandes,,/curso-de-idiomas/holandes/,301
/post/curso-preparatorio-inburgering-em-belem,post-do-blog,Curso Preparatório para o Inburgering em Belém - 9vee,/curso-de-idiomas/holandes/,301,post sobre curso de holandes,,/curso-de-idiomas/holandes/,301
/post/curso-preparatorio-inburgering-em-boa-vista,post-do-blog,Curso Preparatório para o Inburgering em Boa Vista - 9vee,/curso-de-idiomas/holandes/,301,post sobre curso de holandes,,/curso-de-idiomas/holandes/,301
/post/curso-preparatorio-inburgering-em-brasilia,post-do-blog,Curso Preparatório para o Inburgering em Brasília - 9vee,/curso-de-idiomas/holandes/,301,post sobre curso de holandes,,/curso-de-idiomas/holandes/,301
/post/curso-preparatorio-inburgering-em-campinas,post-do-blog,Curso Preparatório para o Inburgering em Campinas - 9vee,/curso-de-idiomas/holandes/,301,post sobre curso de holandes,,/curso-de-idiomas/holandes/,301
/post/curso-preparatorio-inburgering-em-campo-grande,post-do-blog,Curso Preparatório para o Inburgering em Campo Grande - 9vee,/curso-de-idiomas/holandes/,301,post sobre curso de holandes,,/curso-de-idiomas/holandes/,301
/post/curso-preparatorio-inburgering-em-cuiaba,post-do-blog,Curso Preparatório para o Inburgering em Cuiabá - 9vee,/curso-de-idiomas/holandes/,301,post sobre curso de holandes,,/curso-de-idiomas/holandes/,301
/post/curso-preparatorio-inburgering-em-curitiba,post-do-blog,Curso Preparatório para o Inburgering em Curitiba - 9vee,/curso-de-idiomas/holandes/,301,post sobre curso de holandes,,/curso-de-idiomas/holandes/,301
/post/curso-preparatorio-inburgering-em-florianopolis,post-do-blog,Curso Preparatório para o Inburgering em Florianópolis - 9vee,/curso-de-idiomas/holandes/,301,post sobre curso de holandes,,/curso-de-idiomas/holandes/,301
/post/curso-preparatorio-inburgering-em-fortaleza,post-do-blog,Curso Preparatório para o Inburgering em Fortaleza - 9vee,/curso-de-idiomas/holandes/,301,post sobre curso de holandes,,/curso-de-idiomas/holandes/,301
/post/curso-preparatorio-inburgering-em-goiania,post-do-blog,Curso Preparatório para o Inburgering em Goiânia - 9vee,/curso-de-idiomas/holandes/,301,post sobre curso de holandes,,/curso-de-idiomas/holandes/,301
/post/curso-preparatorio-inburgering-em-joao-pessoa,post-do-blog,Curso Preparatório para o Inburgering em João Pessoa - 9vee,/curso-de-idiomas/holandes/,301,post sobre curso de holandes,,/curso-de-idiomas/holandes/,301
/post/curso-preparatorio-inburgering-em-jundiai,post-do-blog,Curso Preparatório para o Inburgering em Jundiaí - 9vee,/curso-de-idiomas/holandes/,301,post sobre curso de holandes,,/curso-de-idiomas/holandes/,301
/post/curso-preparatorio-inburgering-em-macapa,post-do-blog,Curso Preparatório para o Inburgering em Macapá - 9vee,/curso-de-idiomas/holandes/,301,post sobre curso de holandes,,/curso-de-idiomas/holandes/,301
/post/curso-preparatorio-inburgering-em-maceio,post-do-blog,Curso Preparatório para o Inburgering em Maceió - 9vee,/curso-de-idiomas/holandes/,301,post sobre curso de holandes,,/curso-de-idiomas/holandes/,301
/post/curso-preparatorio-inburgering-em-manaus,post-do-blog,Curso Preparatório para o Inburgering em Manaus - 9vee,/curso-de-idiomas/holandes/,301,post sobre curso de holandes,,/curso-de-idiomas/holandes/,301
/post/curso-preparatorio-inburgering-em-natal,post-do-blog,Curso Preparatório para o Inburgering em Natal - 9vee,/curso-de-idiomas/holandes/,301,post sobre curso de holandes,,/curso-de-idiomas/holandes/,301
/post/curso-preparatorio-inburgering-em-palmas,post-do-blog,Curso Preparatório para o Inburgering em Palmas - 9vee,/curso-de-idiomas/holandes/,301,post sobre curso de holandes,,/curso-de-idiomas/holandes/,301
/post/curso-preparatorio-inburgering-em-porto-alegre,post-do-blog,Curso Preparatório para o Inburgering em Porto Alegre - 9vee,/curso-de-idiomas/holandes/,301,post sobre curso de holandes,,/curso-de-idiomas/holandes/,301
/post/curso-preparatorio-inburgering-em-porto-velho,post-do-blog,Curso Preparatório para o Inburgering em Porto Velho - 9vee,/curso-de-idiomas/holandes/,301,post sobre curso de holandes,,/curso-de-idiomas/holandes/,301
/post/curso-preparatorio-inburgering-em-recife,post-do-blog,Curso Preparatório para o Inburgering em Recife - 9vee,/curso-de-idiomas/holandes/,301,post sobre curso de holandes,,/curso-de-idiomas/holandes/,301
/post/curso-preparatorio-inburgering-em-ribeirao-preto,post-do-blog,Curso Preparatório para o Inburgering em Ribeirão Preto - 9vee,/curso-de-idiomas/holandes/,301,post sobre curso de holandes,,/curso-de-idiomas/holandes/,301
/post/curso-preparatorio-inburgering-em-rio-branco,post-do-blog,Curso Preparatório para o Inburgering em Rio Branco - 9vee,/curso-de-idiomas/holandes/,301,post sobre curso de holandes,,/curso-de-idiomas/holandes/,301
/post/curso-preparatorio-inburgering-em-sao-luis,post-do-blog,Curso Preparatório para o Inburgering em São Luís - 9vee,/curso-de-idiomas/holandes/,301,post sobre curso de holandes,,/curso-de-idiomas/holandes/,301
/post/curso-preparatorio-inburgering-em-sao-paulo,post-do-blog,Curso Preparatório para o Inburgering em São Paulo - 9vee,/curso-de-idiomas/holandes/,301,post sobre curso de holandes,,/curso-de-idiomas/holandes/,301
/post/curso-preparatorio-inburgering-em-teresina,post-do-blog,Curso Preparatório para o Inburgering em Teresina - 9vee,/curso-de-idiomas/holandes/,301,post sobre curso de holandes,,/curso-de-idiomas/holandes/,301
/post/curso-preparatorio-inburgering-em-vitoria,post-do-blog,Curso Preparatório para o Inburgering em Vitória - 9vee,/curso-de-idiomas/holandes/,301,post sobre curso de holandes,,/curso-de-idiomas/holandes/,301
/post/curso-preparatorio-para-o-inburgering,post-do-blog,Curso Preparatório para o Inburgering - 9vee,/curso-de-idiomas/holandes/,301,post sobre curso de holandes,,/curso-de-idiomas/holandes/,301
/post/curso-preparatorio-para-toefl,post-do-blog,Curso Preparatório Para Toefl - 9vee,/curso-de-idiomas/ingles/,301,post sobre curso de ingles,,/curso-de-idiomas/ingles/,301
/post/curso-preparatorio-para-toefl-em-sao-paulo,post-do-blog,Curso Preparatório Para Toefl em São Paulo - 9vee,/curso-de-idiomas/ingles/,301,post sobre curso de ingles,,/curso-de-idiomas/ingles/,301
/post/escola-de-ingles-com-professor-nativo-em-sao-paulo,post-do-blog,Escola de Inglês com Professor Nativo em São Paulo - 9vee,/curso-de-idiomas/ingles/,301,post sobre curso de ingles,,/curso-de-idiomas/ingles/,301
/post/fale-ingles-fluente,post-do-blog,Fale Inglês Fluente - 9vee,/curso-de-idiomas/ingles/,301,post sobre curso de ingles,,/curso-de-idiomas/ingles/,301
/post/interpretacao-simultanea-presencial-ou-on-line-no-rio-de-janeiro,post-do-blog,Interpretação Simultânea Presencial ou On-line no Rio de Janeiro - 9vee,/traducao-simultanea/,301,post sobre tradução ou interpretação,,/traducao-simultanea/,301
/post/lms-learning-management-system,post-do-blog,LMS - Learning Management System - 9vee,/lms/,301,post sobre LMS,,/lms/,301
/post/lms-learning-management-system-em-aracaju,post-do-blog,LMS - Learning Management System em Aracaju - 9vee,/lms/,301,post sobre LMS,,/lms/,301
/post/lms-learning-management-system-em-belo-horizonte,post-do-blog,LMS - Learning Management System em Belo Horizonte - 9vee,/lms/,301,post sobre LMS,,/lms/,301
/post/lms-learning-management-system-em-brasilia,post-do-blog,LMS - Learning Management System em Brasília - 9vee,/lms/,301,post sobre LMS,,/lms/,301
/post/lms-learning-management-system-em-campinas,post-do-blog,LMS - Learning Management System em Campinas - 9vee,/lms/,301,post sobre LMS,,/lms/,301
/post/lms-learning-management-system-em-curitiba,post-do-blog,LMS - Learning Management System em Curitiba - 9vee,/lms/,301,post sobre LMS,,/lms/,301
/post/lms-learning-management-system-em-florianopolis,post-do-blog,LMS - Learning Management System em Florianópolis - 9vee,/lms/,301,post sobre LMS,,/lms/,301
/post/lms-learning-management-system-em-porto-alegre,post-do-blog,LMS - Learning Management System em Porto Alegre - 9vee,/lms/,301,post sobre LMS,,/lms/,301
/post/lms-learning-management-system-em-salvador,post-do-blog,LMS - Learning Management System em Salvador - 9vee,/lms/,301,post sobre LMS,,/lms/,301
/post/lms-learning-management-system-em-sao-paulo,post-do-blog,LMS - Learning Management System em São Paulo - 9vee,/lms/,301,post sobre LMS,,/lms/,301
/post/melhor-curso-de-idiomas-do-brasil,post-do-blog,Melhor Curso de Idiomas do Brasil - 9vee,/curso-de-idiomas/,301,post sobre idiomas em geral,,/curso-de-idiomas/,301
/post/melhor-escola-de-idiomas-em-sao-paulo,post-do-blog,Melhor Escola de Idiomas em São Paulo - 9vee,/curso-de-idiomas/,301,post sobre idiomas em geral,,/curso-de-idiomas/,301
/post/melhor-escola-de-idiomas-no-rio-de-janeiro,post-do-blog,Melhor Escola de Idiomas no Rio de Janeiro - 9vee,/curso-de-idiomas/,301,post sobre idiomas em geral,,/curso-de-idiomas/,301
/post/professor-particular-e-aula-individual-de-ingles,post-do-blog,Professor Particular e Aula Individual de Inglês - 9vee,/curso-de-idiomas/ingles/,301,post sobre curso de ingles,,/curso-de-idiomas/ingles/,301
/post/professores-nativos,post-do-blog,Professores Nativos - 9vee,,410,"post sem idioma, serviço ou cidade no endereço",/curso-de-idiomas/,/curso-de-idiomas/,301
/post/servico-de-interpretacao-simultanea-para-conferencias-em-brasilia,post-do-blog,Serviço de Interpretação Simultânea Para Conferências em Brasília - 9vee,/traducao-simultanea/,301,post sobre tradução ou interpretação,,/traducao-simultanea/,301
/post/servico-de-interpretacao-simultanea-para-conferencias-em-campinas,post-do-blog,Serviço de Interpretação Simultânea Para Conferências em Campinas - 9vee,/traducao-simultanea/,301,post sobre tradução ou interpretação,,/traducao-simultanea/,301
/post/servico-de-interpretacao-simultanea-para-conferencias-em-campo-grande,post-do-blog,Serviço de Interpretação Simultânea Para Conferências em Campo Grande - 9vee,/traducao-simultanea/,301,post sobre tradução ou interpretação,,/traducao-simultanea/,301
/post/servico-de-interpretacao-simultanea-para-conferencias-em-curitiba,post-do-blog,Serviço de Interpretação Simultânea Para Conferências em Curitiba - 9vee,/traducao-simultanea/,301,post sobre tradução ou interpretação,,/traducao-simultanea/,301
/post/servico-de-interpretacao-simultanea-para-conferencias-em-florianopolis,post-do-blog,Serviço de Interpretação Simultânea Para Conferências em Florianópolis - 9vee,/traducao-simultanea/,301,post sobre tradução ou interpretação,,/traducao-simultanea/,301
/post/servico-de-interpretacao-simultanea-para-conferencias-em-goiania,post-do-blog,Serviço de Interpretação Simultânea Para Conferências em Goiânia - 9vee,/traducao-simultanea/,301,post sobre tradução ou interpretação,,/traducao-simultanea/,301
/post/servico-de-interpretacao-simultanea-para-conferencias-em-jundiai,post-do-blog,Serviço de Interpretação Simultânea Para Conferências em Jundiaí - 9vee,/traducao-simultanea/,301,post sobre tradução ou interpretação,,/traducao-simultanea/,301
/post/servico-de-interpretacao-simultanea-para-conferencias-em-natal,post-do-blog,Serviço de Interpretação Simultânea Para Conferências em Natal - 9vee,/traducao-simultanea/,301,post sobre tradução ou interpretação,,/traducao-simultanea/,301
/post/servico-de-interpretacao-simultanea-para-conferencias-em-palmas,post-do-blog,Serviço de Interpretação Simultânea Para Conferências em Palmas - 9vee,/traducao-simultanea/,301,post sobre tradução ou interpretação,,/traducao-simultanea/,301
/post/servico-de-interpretacao-simultanea-para-conferencias-em-porto-alegre,post-do-blog,Serviço de Interpretação Simultânea Para Conferências em Porto Alegre - 9vee,/traducao-simultanea/,301,post sobre tradução ou interpretação,,/traducao-simultanea/,301
/post/servico-de-interpretacao-simultanea-para-conferencias-em-porto-velho,post-do-blog,Serviço de Interpretação Simultânea Para Conferências em Porto Velho - 9vee,/traducao-simultanea/,301,post sobre tradução ou interpretação,,/traducao-simultanea/,301
/post/servico-de-interpretacao-simultanea-para-conferencias-em-recife,post-do-blog,Serviço de Interpretação Simultânea Para Conferências em Recife - 9vee,/traducao-simultanea/,301,post sobre tradução ou interpretação,,/traducao-simultanea/,301
/post/servico-de-interpretacao-simultanea-para-conferencias-em-ribeirao-preto,post-do-blog,Serviço de Interpretação Simultânea Para Conferências em Ribeirão Preto - 9vee,/traducao-simultanea/,301,post sobre tradução ou interpretação,,/traducao-simultanea/,301
/post/servico-de-interpretacao-simultanea-para-conferencias-em-salvador,post-do-blog,Serviço de Interpretação Simultânea Para Conferências em Salvador - 9vee,/traducao-simultanea/,301,post sobre tradução ou interpretação,,/traducao-simultanea/,301
/post/servico-de-interpretacao-simultanea-para-conferencias-em-sao-jose-dos-campos,post-do-blog,Serviço de Interpretação Simultânea Para Conferências em São José dos Campos - 9vee,/traducao-simultanea/,301,post sobre tradução ou interpretação,,/traducao-simultanea/,301
/post/servico-de-interpretacao-simultanea-para-conferencias-em-sao-paulo,post-do-blog,Serviço de Interpretação Simultânea Para Conferências em São Paulo - 9vee,/traducao-simultanea/,301,post sobre tradução ou interpretação,,/traducao-simultanea/,301
/post/servico-de-interpretacao-simultanea-para-conferencias-em-teresina,post-do-blog,Serviço de Interpretação Simultânea Para Conferências em Teresina - 9vee,/traducao-simultanea/,301,post sobre tradução ou interpretação,,/traducao-simultanea/,301
/post/servico-de-interpretacao-simultanea-para-conferencias-na-faria-lima,post-do-blog,Serviço de Interpretação Simultânea Para Conferências na Faria Lima - 9vee,/traducao-simultanea/,301,post sobre tradução ou interpretação,,/traducao-simultanea/,301
/post/servico-de-interpretacao-simultanea-para-conferencias-no-rio-de-janeiro,post-do-blog,Serviço de Interpretação Simultânea Para Conferências no Rio de Janeiro - 9vee,/traducao-simultanea/,301,post sobre tradução ou interpretação,,/traducao-simultanea/,301
/post/servico-de-interpretacao-simultanea-presencial-e-online-em-campo-grande,post-do-blog,Serviço de Interpretação Simultânea Presencial e Online em Campo Grande - 9vee,/traducao-simultanea/,301,post sobre tradução ou interpretação,,/traducao-simultanea/,301
/post/servico-de-interpretacao-simultanea-presencial-ou-on-line-em-belo-horizonte,post-do-blog,Serviço de Interpretação Simultânea Presencial ou On-line em Belo Horizonte - 9vee,/traducao-simultanea/,301,post sobre tradução ou interpretação,,/traducao-simultanea/,301
/post/servico-de-interpretacao-simultanea-presencial-ou-on-line-em-boa-vista,post-do-blog,Serviço de Interpretação Simultânea Presencial ou On-line em Boa Vista - 9vee,/traducao-simultanea/,301,post sobre tradução ou interpretação,,/traducao-simultanea/,301
/post/servico-de-interpretacao-simultanea-presencial-ou-on-line-em-brasilia,post-do-blog,Serviço de Interpretação Simultânea Presencial ou On-line em Brasília - 9vee,/traducao-simultanea/,301,post sobre tradução ou interpretação,,/traducao-simultanea/,301
/post/servico-de-interpretacao-simultanea-presencial-ou-on-line-em-campinas,post-do-blog,Serviço de Interpretação Simultânea Presencial ou On-line em Campinas - 9vee,/traducao-simultanea/,301,post sobre tradução ou interpretação,,/traducao-simultanea/,301
/post/servico-de-interpretacao-simultanea-presencial-ou-on-line-em-curitiba,post-do-blog,Serviço de Interpretação Simultânea Presencial ou On-line em Curitiba - 9vee,/traducao-simultanea/,301,post sobre tradução ou interpretação,,/traducao-simultanea/,301
/post/servico-de-interpretacao-simultanea-presencial-ou-on-line-em-goiania,post-do-blog,Serviço de Interpretação Simultânea Presencial ou On-line em Goiânia - 9vee,/traducao-simultanea/,301,post sobre tradução ou interpretação,,/traducao-simultanea/,301
/post/servico-de-interpretacao-simultanea-presencial-ou-on-line-em-jundiai,post-do-blog,Serviço de Interpretação Simultânea Presencial ou On-line em Jundiaí - 9vee,/traducao-simultanea/,301,post sobre tradução ou interpretação,,/traducao-simultanea/,301
/post/servico-de-interpretacao-simultanea-presencial-ou-on-line-em-manaus,post-do-blog,Serviço de Interpretação Simultânea Presencial ou On-line em Manaus - 9vee,/traducao-simultanea/,301,post sobre tradução ou interpretação,,/traducao-simultanea/,301
/post/servico-de-interpretacao-simultanea-presencial-ou-on-line-em-natal,post-do-blog,Serviço de Interpretação Simultânea Presencial ou On-line em Natal - 9vee,/traducao-simultanea/,301,post sobre tradução ou interpretação,,/traducao-simultanea/,301
/post/servico-de-interpretacao-simultanea-presencial-ou-on-line-em-palmas,post-do-blog,Serviço de Interpretação Simultânea Presencial ou On-line em Palmas - 9vee,/traducao-simultanea/,301,post sobre tradução ou interpretação,,/traducao-simultanea/,301
/post/servico-de-interpretacao-simultanea-presencial-ou-on-line-em-porto-alegre,post-do-blog,Serviço de Interpretação Simultânea Presencial ou On-line em Porto Alegre - 9vee,/traducao-simultanea/,301,post sobre tradução ou interpretação,,/traducao-simultanea/,301
/post/servico-de-interpretacao-simultanea-presencial-ou-on-line-em-ribeirao-preto,post-do-blog,Serviço de Interpretação Simultânea Presencial ou On-line em Ribeirão Preto - 9vee,/traducao-simultanea/,301,post sobre tradução ou interpretação,,/traducao-simultanea/,301
/post/servico-de-interpretacao-simultanea-presencial-ou-on-line-em-salvador,post-do-blog,Serviço de Interpretação Simultânea Presencial ou On-line em Salvador - 9vee,/traducao-simultanea/,301,post sobre tradução ou interpretação,,/traducao-simultanea/,301
/post/servico-de-interpretacao-simultanea-presencial-ou-on-line-em-sao-jose-dos-campos,post-do-blog,Serviço de Interpretação Simultânea Presencial ou On-line em São José dos Campos - 9vee,/traducao-simultanea/,301,post sobre tradução ou interpretação,,/traducao-simultanea/,301
/post/servico-de-interpretacao-simultanea-presencial-ou-on-line-em-sao-paulo,post-do-blog,Serviço de Interpretação Simultânea Presencial ou On-line em São Paulo - 9vee,/traducao-simultanea/,301,post sobre tradução ou interpretação,,/traducao-simultanea/,301
/post/servico-de-interpretacao-simultanea-presencial-ou-on-line-em-teresina,post-do-blog,Serviço de Interpretação Simultânea Presencial ou On-line em Teresina - 9vee,/traducao-simultanea/,301,post sobre tradução ou interpretação,,/traducao-simultanea/,301
/post/servico-de-interpretacao-simultanea-presencial-ou-on-line-em-vitoria,post-do-blog,Serviço de Interpretação Simultânea Presencial ou On-line em Vitória - 9vee,/traducao-simultanea/,301,post sobre tradução ou interpretação,,/traducao-simultanea/,301
/post/servico-interpretacao-simultanea-conferencias-belo-horizonte,post-do-blog,Serviço de Interpretação Simultânea Para Conferências em Belo Horizonte - 9vee,/traducao-simultanea/,301,post sobre tradução ou interpretação,,/traducao-simultanea/,301
/post/servico-interpretacao-simultanea-presencial-ou-on-line-florianopolis,post-do-blog,Serviço de Interpretação Simultânea Presencial ou On-line em Florianópolis - Novee,/traducao-simultanea/,301,post sobre tradução ou interpretação,,/traducao-simultanea/,301
/post/traducao-simultanea-de-eventos-em-belem,post-do-blog,Tradução Simultânea de Eventos em Belém - 9vee,/traducao-simultanea/,301,post sobre tradução ou interpretação,,/traducao-simultanea/,301
/post/traducao-simultanea-de-eventos-em-brasilia,post-do-blog,Tradução Simultânea de Eventos em Brasília - 9vee,/traducao-simultanea/,301,post sobre tradução ou interpretação,,/traducao-simultanea/,301
/post/traducao-simultanea-de-eventos-em-campinas,post-do-blog,Tradução Simultânea de Eventos em Campinas - 9vee,/traducao-simultanea/,301,post sobre tradução ou interpretação,,/traducao-simultanea/,301
/post/traducao-simultanea-de-eventos-em-campo-grande,post-do-blog,Tradução Simultânea de Eventos em Campo Grande - 9vee,/traducao-simultanea/,301,post sobre tradução ou interpretação,,/traducao-simultanea/,301
/post/traducao-simultanea-de-eventos-em-curitiba,post-do-blog,Tradução Simultânea de Eventos em Curitiba - 9vee,/traducao-simultanea/,301,post sobre tradução ou interpretação,,/traducao-simultanea/,301
/post/traducao-simultanea-de-eventos-em-goiania,post-do-blog,Tradução Simultânea de Eventos em Goiânia - 9vee,/traducao-simultanea/,301,post sobre tradução ou interpretação,,/traducao-simultanea/,301
/post/traducao-simultanea-de-eventos-em-jundiai,post-do-blog,Tradução Simultânea de Eventos em Jundiaí - 9vee,/traducao-simultanea/,301,post sobre tradução ou interpretação,,/traducao-simultanea/,301
/post/traducao-simultanea-de-eventos-em-manaus,post-do-blog,Tradução Simultânea de Eventos em Manaus – 9vee,/traducao-simultanea/,301,post sobre tradução ou interpretação,,/traducao-simultanea/,301
/post/traducao-simultanea-de-eventos-em-palmas,post-do-blog,Tradução Simultânea de Eventos em Palmas - 9vee,/traducao-simultanea/,301,post sobre tradução ou interpretação,,/traducao-simultanea/,301
/post/traducao-simultanea-de-eventos-em-porto-alegre,post-do-blog,Tradução Simultânea de Eventos em Porto Alegre - 9vee,/traducao-simultanea/,301,post sobre tradução ou interpretação,,/traducao-simultanea/,301
/post/traducao-simultanea-de-eventos-em-recife,post-do-blog,Tradução Simultânea de Eventos em Recife - 9vee,/traducao-simultanea/,301,post sobre tradução ou interpretação,,/traducao-simultanea/,301
/post/traducao-simultanea-de-eventos-em-ribeirao-preto,post-do-blog,Tradução Simultânea de Eventos em Ribeirão Preto - 9vee,/traducao-simultanea/,301,post sobre tradução ou interpretação,,/traducao-simultanea/,301
/post/traducao-simultanea-de-eventos-em-salvador,post-do-blog,Tradução Simultânea de Eventos em Salvador - 9vee,/traducao-simultanea/,301,post sobre tradução ou interpretação,,/traducao-simultanea/,301
/post/traducao-simultanea-de-eventos-em-sao-jose-dos-campos,post-do-blog,Tradução Simultânea de Eventos em São José dos Campos - 9vee,/traducao-simultanea/,301,post sobre tradução ou interpretação,,/traducao-simultanea/,301
/post/traducao-simultanea-de-eventos-em-sao-paulo,post-do-blog,Tradução Simultânea de Eventos em São Paulo - 9vee,/traducao-simultanea/,301,post sobre tradução ou interpretação,,/traducao-simultanea/,301
/post/traducao-simultanea-de-eventos-em-sorocaba,post-do-blog,Tradução Simultânea de Eventos em Sorocaba - 9vee,/traducao-simultanea/,301,post sobre tradução ou interpretação,,/traducao-simultanea/,301
/post/traducao-simultanea-de-eventos-em-teresina,post-do-blog,Tradução Simultânea de Eventos em Teresina - 9vee,/traducao-simultanea/,301,post sobre tradução ou interpretação,,/traducao-simultanea/,301
/post/traducao-simultanea-de-eventos-na-av-paulista,post-do-blog,Tradução Simultânea de Eventos na Av. Paulista - 9vee,/traducao-simultanea/,301,post sobre tradução ou interpretação,,/traducao-simultanea/,301
/post/traducao-simultanea-de-eventos-no-rio-de-janeiro,post-do-blog,Tradução Simultânea de Eventos no Rio de Janeiro - 9vee,/traducao-simultanea/,301,post sobre tradução ou interpretação,,/traducao-simultanea/,301
/post/traducao-simultanea-eventos-florianopolis,post-do-blog,Tradução Simultânea de Eventos em Florianópolis - 9vee,/traducao-simultanea/,301,post sobre tradução ou interpretação,,/traducao-simultanea/,301
/accessibility-statement,redirecionamento-no-wix,,/lms/,301,o Wix leva a /lms; a página equivalente no site novo,,/lms/,301
/blank-1,redirecionamento-no-wix,,/curso-de-idiomas/mandarim/,301,o Wix leva a /mandarim; curso de mandarim,,/curso-de-idiomas/mandarim/,301
/mandarim-portugues-1,redirecionamento-no-wix,,/traducao-simultanea/mandarim/,301,o Wix leva a /mandarim-chines; a página equivalente no site novo,,/traducao-simultanea/mandarim/,301
/mandarim-pt,redirecionamento-no-wix,,/traducao-simultanea/mandarim/,301,o Wix leva a /mandarim-portugues; a página equivalente no site novo,,/traducao-simultanea/mandarim/,301
/our-team,redirecionamento-no-wix,,/traducao-simultanea/,301,o Wix leva a /traducao-simultanea; a página equivalente no site novo,,/traducao-simultanea/,301
/privacy-policy,redirecionamento-no-wix,,/politica-de-privacidade/,301,o Wix leva a /politica-de-privacidade; a página equivalente no site novo,,/politica-de-privacidade/,301
/programs,redirecionamento-no-wix,,/curso-de-idiomas/,301,o Wix leva a /curso-de-idiomas; a página equivalente no site novo,,/curso-de-idiomas/,301
/terms-and-conditions,redirecionamento-no-wix,,,410,"o Wix leva a /termo-de-uso; modelo de plataforma, sem equivalente no site novo",,,410
/who-we-are,redirecionamento-no-wix,,/quem-somos/,301,o Wix leva a /quem-somos; a página equivalente no site novo,,/quem-somos/,301
/sitemap.xml,sitemap,,/sitemap.xml,200,"o sitemap do site novo, no endereço que o Search Console conhece",,/sitemap.xml,200
/pages-sitemap.xml,sitemap,,,410,sitemap do Wix,,,410
/blog-posts-sitemap.xml,sitemap,,,410,sitemap do Wix,,,410
/blog-categories-sitemap.xml,sitemap,,,410,sitemap do Wix,,,410
/online-programs-sitemap.xml,sitemap,,,410,sitemap do Wix,,,410
/member-profiles_p_first-chunk-sitemap.xml,sitemap,,,410,sitemap do Wix,,,410
