url,caminho,tipo,titulo,data,status_http,indexavel,fonte,observacao
https://www.9vee.com.br/quem-somos,/quem-somos,pagina,Quem Somos | 9vee,2026-08-21,200,sim,pages-sitemap.xml,
https://www.9vee.com.br/lms,/lms,pagina,LMS | 9vee - LMS - Learning Management System,2026-08-21,200,sim,pages-sitemap.xml,
https://www.9vee.com.br/challenges,/challenges,lista-de-programas,Program List | 9vee,2026-08-21,200,sim,pages-sitemap.xml,"É a ""Program List"" citada na proposta: lista do app Programas Online do Wix"
https://www.9vee.com.br/blog,/blog,pagina,Todas as publicações | Publicações - 9vee,2026-08-21,200,sim,pages-sitemap.xml,Índice do blog (única categoria do sitemap de categorias)
https://www.9vee.com.br/curso-de-idiomas,/curso-de-idiomas,pagina,Curso de Idiomas | 9vee,2026-08-21,200,sim,pages-sitemap.xml,
https://www.9vee.com.br/mandarim-chines,/mandarim-chines,pagina,Interpretação simultânea Mandarim Português | 9vee,2026-08-21,200,sim,pages-sitemap.xml,"Landing de interpretação mandarim-português para o mercado financeiro, versão em chinês"
https://www.9vee.com.br/politica-de-privacidade,/politica-de-privacidade,pagina,Política de Privacidade - 9vee,2026-08-21,200,sim,pages-sitemap.xml,"Política atual, modelo genérico atualizado em 05/03/2026"
https://www.9vee.com.br/mandarim,/mandarim,pagina,Mandarim -Old | 9vee,2026-08-21,200,sim,pages-sitemap.xml,"É a ""Mandarim -Old"" citada na proposta: página do curso de mandarim"
https://www.9vee.com.br,/,pagina,"Home | 9vee - Soluções Educacionais - Soluções de Idiomas, Tradução Simultânea e LMS",2026-08-21,200,sim,pages-sitemap.xml,
https://www.9vee.com.br/mandarim-portugues,/mandarim-portugues,pagina,Interpretação Simultânea Mandarim Português | 9vee,2026-08-21,200,sim,pages-sitemap.xml,"Landing de interpretação mandarim-português para o mercado financeiro, versão em português"
https://www.9vee.com.br/mandarim-english,/mandarim-english,pagina,Interpretação Simultânea Mandarim Português | 9vee,2026-08-21,200,sim,pages-sitemap.xml,"Landing de interpretação mandarim-português para o mercado financeiro, versão em inglês"
https://www.9vee.com.br/termo-de-uso,/termo-de-uso,pagina,TERMOS DE USO - Novee,2026-08-21,200,sim,pages-sitemap.xml,Termos de uso da plataforma; o texto fala em exames de ingresso no ensino superior
https://www.9vee.com.br/treinamentos,/treinamentos,pagina,LMS | 9vee - LMS - Learning Management System,2026-08-21,200,sim,pages-sitemap.xml,Traz o conteúdo do treinamento de NR-1; título e descrição iguais aos da página LMS
https://www.9vee.com.br/traducao-simultanea,/traducao-simultanea,pagina,Tradução Simultânea | 9vee,2026-08-21,200,sim,pages-sitemap.xml,
https://www.9vee.com.br/challenge-page/998851bf-d631-4ca0-9ebe-541cde1e678e,/challenge-page/998851bf-d631-4ca0-9ebe-541cde1e678e,programa-online,Business Analysis | 9vee,2026-02-25,200,sim,online-programs-sitemap.xml,"Programa de modelo do app Programas Online (gratuito, sem participantes)"
https://www.9vee.com.br/challenge-page/5511404c-8a89-46a6-b995-03b2640c77db,/challenge-page/5511404c-8a89-46a6-b995-03b2640c77db,programa-online,Business Strategy and Consulting | 9vee,2026-02-25,200,sim,online-programs-sitemap.xml,"Programa de modelo do app Programas Online (gratuito, sem participantes)"
https://www.9vee.com.br/challenge-page/cb8728a1-b73f-4572-917a-996103ae7c0b,/challenge-page/cb8728a1-b73f-4572-917a-996103ae7c0b,programa-online,Business Consulting for Professionals | 9vee,2026-02-25,200,sim,online-programs-sitemap.xml,"Programa de modelo do app Programas Online (gratuito, sem participantes)"
https://www.9vee.com.br/challenge-page/bd00c03c-9983-4fde-a1ac-c8d91557200f,/challenge-page/bd00c03c-9983-4fde-a1ac-c8d91557200f,programa-online,Consulting Methods | 9vee,2026-02-25,200,sim,online-programs-sitemap.xml,"Programa de modelo do app Programas Online (gratuito, sem participantes)"
https://www.9vee.com.br/challenge-page/ddf9085c-3c2f-4aab-962f-2d8fe1e638e7,/challenge-page/ddf9085c-3c2f-4aab-962f-2d8fe1e638e7,programa-online,Principles of France | 9vee,2026-02-25,200,sim,online-programs-sitemap.xml,"Programa de modelo do app Programas Online (gratuito, sem participantes)"
https://www.9vee.com.br/challenge-page/694aafd1-6a7f-42ca-b584-ba1a19dfafef,/challenge-page/694aafd1-6a7f-42ca-b584-ba1a19dfafef,programa-online,Business Consulting - The Full Course | 9vee,2026-02-25,200,sim,online-programs-sitemap.xml,"Programa de modelo do app Programas Online (gratuito, sem participantes)"
https://www.9vee.com.br/post/aprender-de-ingles-em-sorocaba,/post/aprender-de-ingles-em-sorocaba,post-do-blog,Aprender Inglês em Sorocaba - 9vee,2026-06-09,200,sim,blog-posts-sitemap.xml,
https://www.9vee.com.br/post/aprender-e-estudar-ingles-em-sao-paulo,/post/aprender-e-estudar-ingles-em-sao-paulo,post-do-blog,Aprender e Estudar Inglês em São Paulo - 9vee,2026-03-20,200,sim,blog-posts-sitemap.xml,
https://www.9vee.com.br/post/aprender-espanhol-em-alphaville,/post/aprender-espanhol-em-alphaville,post-do-blog,Aprender Espanhol em Alphaville - 9vee,2026-06-17,200,sim,blog-posts-sitemap.xml,
https://www.9vee.com.br/post/aprender-espanhol-em-aracaju,/post/aprender-espanhol-em-aracaju,post-do-blog,Aprender Espanhol em Aracaju - 9vee,2026-07-25,200,sim,blog-posts-sitemap.xml,
https://www.9vee.com.br/post/aprender-espanhol-em-belem,/post/aprender-espanhol-em-belem,post-do-blog,Aprender Espanhol em Belém - 9vee,2026-07-21,200,sim,blog-posts-sitemap.xml,
https://www.9vee.com.br/post/aprender-espanhol-em-boa-vista,/post/aprender-espanhol-em-boa-vista,post-do-blog,Aprender Espanhol em Boa Vista - 9vee,2026-07-23,200,sim,blog-posts-sitemap.xml,
https://www.9vee.com.br/post/aprender-espanhol-em-brasilia,/post/aprender-espanhol-em-brasilia,post-do-blog,Aprender Espanhol em Brasília - 9vee,2026-06-26,200,sim,blog-posts-sitemap.xml,
https://www.9vee.com.br/post/aprender-espanhol-em-campinas,/post/aprender-espanhol-em-campinas,post-do-blog,Aprender Espanhol em Campinas - 9vee,2026-06-23,200,sim,blog-posts-sitemap.xml,
https://www.9vee.com.br/post/aprender-espanhol-em-campo-grande,/post/aprender-espanhol-em-campo-grande,post-do-blog,Aprender Espanhol em Campo Grande - 9vee,2026-07-08,200,sim,blog-posts-sitemap.xml,
https://www.9vee.com.br/post/aprender-espanhol-em-goiania,/post/aprender-espanhol-em-goiania,post-do-blog,Aprender Espanhol em Goiânia - 9vee,2026-06-29,200,sim,blog-posts-sitemap.xml,
https://www.9vee.com.br/post/aprender-espanhol-em-joinville,/post/aprender-espanhol-em-joinville,post-do-blog,Aprender Espanhol em Joinville - 9vee,2026-06-30,200,sim,blog-posts-sitemap.xml,
https://www.9vee.com.br/post/aprender-espanhol-em-jundiai,/post/aprender-espanhol-em-jundiai,post-do-blog,Aprender Espanhol em Jundiaí - 9vee,2026-06-30,200,sim,blog-posts-sitemap.xml,
https://www.9vee.com.br/post/aprender-espanhol-em-natal,/post/aprender-espanhol-em-natal,post-do-blog,Aprender Espanhol em Natal - 9vee,2026-07-25,200,sim,blog-posts-sitemap.xml,
https://www.9vee.com.br/post/aprender-espanhol-em-palmas,/post/aprender-espanhol-em-palmas,post-do-blog,Aprender Espanhol em Palmas - 9vee,2026-07-10,200,sim,blog-posts-sitemap.xml,
https://www.9vee.com.br/post/aprender-espanhol-em-pinheiros,/post/aprender-espanhol-em-pinheiros,post-do-blog,Aprender Espanhol em Pinheiros - 9vee,2026-06-25,200,sim,blog-posts-sitemap.xml,
https://www.9vee.com.br/post/aprender-espanhol-em-porto-velho,/post/aprender-espanhol-em-porto-velho,post-do-blog,Aprender Espanhol em Porto Velho - 9vee,2026-07-05,200,sim,blog-posts-sitemap.xml,
https://www.9vee.com.br/post/aprender-espanhol-em-recife,/post/aprender-espanhol-em-recife,post-do-blog,Aprender Espanhol em Recife - 9vee,2026-07-08,200,sim,blog-posts-sitemap.xml,
https://www.9vee.com.br/post/aprender-espanhol-em-ribeirao-preto,/post/aprender-espanhol-em-ribeirao-preto,post-do-blog,Aprender Espanhol em Ribeirão Preto - 9vee,2026-06-20,200,sim,blog-posts-sitemap.xml,
https://www.9vee.com.br/post/aprender-espanhol-em-rio-branco,/post/aprender-espanhol-em-rio-branco,post-do-blog,Aprender Espanhol em Rio Branco - 9vee,2026-08-09,200,sim,blog-posts-sitemap.xml,
https://www.9vee.com.br/post/aprender-espanhol-em-sao-caetano-do-sul,/post/aprender-espanhol-em-sao-caetano-do-sul,post-do-blog,Aprender Espanhol em São Caetano do Sul - 9vee,2026-07-04,200,sim,blog-posts-sitemap.xml,
https://www.9vee.com.br/post/aprender-espanhol-em-sao-paulo,/post/aprender-espanhol-em-sao-paulo,post-do-blog,Aprender espanhol em São Paulo - 9vee,2026-06-13,200,sim,blog-posts-sitemap.xml,
https://www.9vee.com.br/post/aprender-espanhol-em-sorocaba,/post/aprender-espanhol-em-sorocaba,post-do-blog,Aprender Espanhol em Sorocaba - 9vee,2026-06-26,200,sim,blog-posts-sitemap.xml,
https://www.9vee.com.br/post/aprender-espanhol-em-teresina,/post/aprender-espanhol-em-teresina,post-do-blog,Aprender Espanhol em Teresina - 9vee,2026-07-07,200,sim,blog-posts-sitemap.xml,
https://www.9vee.com.br/post/aprender-espanhol-na-av-paulista,/post/aprender-espanhol-na-av-paulista,post-do-blog,Aprender Espanhol na Av. Paulista - 9vee,2026-06-14,200,sim,blog-posts-sitemap.xml,
https://www.9vee.com.br/post/aprender-espanhol-na-faria-lima,/post/aprender-espanhol-na-faria-lima,post-do-blog,Aprender Espanhol na Faria Lima - 9vee,2026-06-25,200,sim,blog-posts-sitemap.xml,
https://www.9vee.com.br/post/aprender-espanhol-na-vila-madalena,/post/aprender-espanhol-na-vila-madalena,post-do-blog,Aprender Espanhol na Vila Madalena - 9vee,2026-07-03,200,sim,blog-posts-sitemap.xml,
https://www.9vee.com.br/post/aprender-espanhol-na-vila-olimpia,/post/aprender-espanhol-na-vila-olimpia,post-do-blog,Aprender Espanhol na Vila Olímpia - 9vee,2026-06-15,200,sim,blog-posts-sitemap.xml,
https://www.9vee.com.br/post/aprender-espanhol-no-itaim-bibi,/post/aprender-espanhol-no-itaim-bibi,post-do-blog,Aprender Espanhol no Itaim Bibi - 9vee,2026-06-26,200,sim,blog-posts-sitemap.xml,
https://www.9vee.com.br/post/aprender-espanhol-no-tatuape,/post/aprender-espanhol-no-tatuape,post-do-blog,Aprender Espanhol no Tatuapé - 9vee,2026-06-27,200,sim,blog-posts-sitemap.xml,
https://www.9vee.com.br/post/aprender-espanhol-nos-jardins,/post/aprender-espanhol-nos-jardins,post-do-blog,Aprender Espanhol nos Jardins - 9vee,2026-06-25,200,sim,blog-posts-sitemap.xml,
https://www.9vee.com.br/post/aprender-ingles-barato,/post/aprender-ingles-barato,post-do-blog,Aprender Inglês Barato - 9vee,2026-03-24,200,sim,blog-posts-sitemap.xml,
https://www.9vee.com.br/post/aprender-ingles-em-alphaville,/post/aprender-ingles-em-alphaville,post-do-blog,Aprender inglês em Alphaville - 9vee,2026-06-10,200,sim,blog-posts-sitemap.xml,
https://www.9vee.com.br/post/aprender-ingles-em-aracaju,/post/aprender-ingles-em-aracaju,post-do-blog,Aprender Inglês em Aracaju - 9vee,2026-03-28,200,sim,blog-posts-sitemap.xml,
https://www.9vee.com.br/post/aprender-ingles-em-balneario-camboriu,/post/aprender-ingles-em-balneario-camboriu,post-do-blog,Aprender Inglês em Balneário Camboriú - 9vee,2026-08-20,200,sim,blog-posts-sitemap.xml,
https://www.9vee.com.br/post/aprender-ingles-em-belem,/post/aprender-ingles-em-belem,post-do-blog,Aprender inglês em Belém - 9vee,2026-03-31,200,sim,blog-posts-sitemap.xml,
https://www.9vee.com.br/post/aprender-ingles-em-belo-horizonte,/post/aprender-ingles-em-belo-horizonte,post-do-blog,Aprender Inglês em Belo Horizonte - 9vee,2026-03-24,200,sim,blog-posts-sitemap.xml,
https://www.9vee.com.br/post/aprender-ingles-em-brasilia,/post/aprender-ingles-em-brasilia,post-do-blog,Aprender Inglês em Brasília - 9vee,2026-03-24,200,sim,blog-posts-sitemap.xml,
https://www.9vee.com.br/post/aprender-ingles-em-campinas,/post/aprender-ingles-em-campinas,post-do-blog,Aprender Inglês em Campinas - 9vee,2026-03-23,200,sim,blog-posts-sitemap.xml,
https://www.9vee.com.br/post/aprender-ingles-em-campo-grande,/post/aprender-ingles-em-campo-grande,post-do-blog,Aprender Inglês em Campo Grande - 9vee,2026-03-28,200,sim,blog-posts-sitemap.xml,
https://www.9vee.com.br/post/aprender-ingles-em-cuiaba,/post/aprender-ingles-em-cuiaba,post-do-blog,Aprender Inglês em Cuiabá - 9vee,2026-03-26,200,sim,blog-posts-sitemap.xml,
https://www.9vee.com.br/post/aprender-ingles-em-curitiba,/post/aprender-ingles-em-curitiba,post-do-blog,Aprender Inglês em Curitiba - 9vee,2026-03-29,200,sim,blog-posts-sitemap.xml,
https://www.9vee.com.br/post/aprender-ingles-em-florianopolis,/post/aprender-ingles-em-florianopolis,post-do-blog,Aprender Inglês em Florianópolis - 9vee,2026-03-24,200,sim,blog-posts-sitemap.xml,
https://www.9vee.com.br/post/aprender-ingles-em-fortaleza,/post/aprender-ingles-em-fortaleza,post-do-blog,Aprender Inglês em Fortaleza - 9vee,2026-03-25,200,sim,blog-posts-sitemap.xml,
https://www.9vee.com.br/post/aprender-ingles-em-goiania,/post/aprender-ingles-em-goiania,post-do-blog,Aprender inglês em Goiânia - 9vee,2026-03-26,200,sim,blog-posts-sitemap.xml,
https://www.9vee.com.br/post/aprender-ingles-em-joao-pessoa,/post/aprender-ingles-em-joao-pessoa,post-do-blog,Aprender Inglês em João Pessoa - 9vee,2026-03-28,200,sim,blog-posts-sitemap.xml,
https://www.9vee.com.br/post/aprender-ingles-em-joinville,/post/aprender-ingles-em-joinville,post-do-blog,Aprender Inglês em Joinville - 9vee,2026-06-08,200,sim,blog-posts-sitemap.xml,
https://www.9vee.com.br/post/aprender-ingles-em-jundiai,/post/aprender-ingles-em-jundiai,post-do-blog,Aprender Inglês em Jundiaí - 9vee,2026-06-10,200,sim,blog-posts-sitemap.xml,
https://www.9vee.com.br/post/aprender-ingles-em-maceio,/post/aprender-ingles-em-maceio,post-do-blog,Aprender Inglês em Maceió - 9vee,2026-03-29,200,sim,blog-posts-sitemap.xml,
https://www.9vee.com.br/post/aprender-ingles-em-manaus,/post/aprender-ingles-em-manaus,post-do-blog,Aprender Inglês em Manaus - 9vee,2026-03-28,200,sim,blog-posts-sitemap.xml,
https://www.9vee.com.br/post/aprender-ingles-em-natal,/post/aprender-ingles-em-natal,post-do-blog,Aprender Inglês em Natal - 9vee,2026-03-26,200,sim,blog-posts-sitemap.xml,
https://www.9vee.com.br/post/aprender-ingles-em-palmas,/post/aprender-ingles-em-palmas,post-do-blog,Aprender Inglês em Palmas - 9vee,2026-03-26,200,sim,blog-posts-sitemap.xml,
https://www.9vee.com.br/post/aprender-ingles-em-pinheiros,/post/aprender-ingles-em-pinheiros,post-do-blog,Aprender Inglês em Pinheiros - 9vee,2026-06-10,200,sim,blog-posts-sitemap.xml,
https://www.9vee.com.br/post/aprender-ingles-em-porto-alegre,/post/aprender-ingles-em-porto-alegre,post-do-blog,Aprender Inglês em Porto Alegre - 9vee,2026-03-30,200,sim,blog-posts-sitemap.xml,
https://www.9vee.com.br/post/aprender-ingles-em-porto-velho,/post/aprender-ingles-em-porto-velho,post-do-blog,Aprender Inglês em Porto Velho - 9vee,2026-03-29,200,sim,blog-posts-sitemap.xml,
https://www.9vee.com.br/post/aprender-ingles-em-recife,/post/aprender-ingles-em-recife,post-do-blog,Aprender Inglês em Recife - 9vee,2026-03-27,200,sim,blog-posts-sitemap.xml,
https://www.9vee.com.br/post/aprender-ingles-em-ribeirao-preto,/post/aprender-ingles-em-ribeirao-preto,post-do-blog,Aprender Inglês em Ribeirão Preto - 9vee,2026-06-21,200,sim,blog-posts-sitemap.xml,
https://www.9vee.com.br/post/aprender-ingles-em-salvador,/post/aprender-ingles-em-salvador,post-do-blog,Aprender inglês em Salvador - 9vee,2026-03-25,200,sim,blog-posts-sitemap.xml,
https://www.9vee.com.br/post/aprender-ingles-em-sao-jose-dos-campos,/post/aprender-ingles-em-sao-jose-dos-campos,post-do-blog,Aprender Inglês em São José dos Campos - 9vee,2026-08-17,200,sim,blog-posts-sitemap.xml,
https://www.9vee.com.br/post/aprender-ingles-em-sao-luis,/post/aprender-ingles-em-sao-luis,post-do-blog,Aprender Inglês em São Luís - 9vee,2026-03-28,200,sim,blog-posts-sitemap.xml,
https://www.9vee.com.br/post/aprender-ingles-em-sao-paulo,/post/aprender-ingles-em-sao-paulo,post-do-blog,Aprender Inglês em São Paulo - 9vee,2026-04-08,200,sim,blog-posts-sitemap.xml,
https://www.9vee.com.br/post/aprender-ingles-em-teresina,/post/aprender-ingles-em-teresina,post-do-blog,Aprender Inglês em Teresina - 9vee,2026-03-26,200,sim,blog-posts-sitemap.xml,
https://www.9vee.com.br/post/aprender-ingles-em-uberaba,/post/aprender-ingles-em-uberaba,post-do-blog,Aprender Inglês em Uberaba - 9vee,2026-06-22,200,sim,blog-posts-sitemap.xml,
https://www.9vee.com.br/post/aprender-ingles-em-uberlandia,/post/aprender-ingles-em-uberlandia,post-do-blog,Aprender Inglês em Uberlândia - 9vee,2026-06-23,200,sim,blog-posts-sitemap.xml,
https://www.9vee.com.br/post/aprender-ingles-em-vitoria,/post/aprender-ingles-em-vitoria,post-do-blog,Aprender Inglês em Vitória - 9vee,2026-03-27,200,sim,blog-posts-sitemap.xml,
https://www.9vee.com.br/post/aprender-ingles-intensivo,/post/aprender-ingles-intensivo,post-do-blog,Aprender Inglês Intensivo - 9vee,2026-03-25,200,sim,blog-posts-sitemap.xml,
https://www.9vee.com.br/post/aprender-ingles-na-av-paulista,/post/aprender-ingles-na-av-paulista,post-do-blog,Aprender Inglês na Av. Paulista - 9vee,2026-06-11,200,sim,blog-posts-sitemap.xml,
https://www.9vee.com.br/post/aprender-ingles-na-vila-mariana,/post/aprender-ingles-na-vila-mariana,post-do-blog,Aprender Inglês na Vila Mariana - 9vee,2026-06-09,200,sim,blog-posts-sitemap.xml,
https://www.9vee.com.br/post/aprender-ingles-na-vila-olimpia,/post/aprender-ingles-na-vila-olimpia,post-do-blog,Aprender Inglês na Vila Olímpia - 9vee,2026-06-09,200,sim,blog-posts-sitemap.xml,
https://www.9vee.com.br/post/aprender-ingles-no-abc,/post/aprender-ingles-no-abc,post-do-blog,Aprender Inglês no ABC - 9vee,2026-03-25,200,sim,blog-posts-sitemap.xml,
https://www.9vee.com.br/post/aprender-ingles-no-itaim-bibi,/post/aprender-ingles-no-itaim-bibi,post-do-blog,Aprender Inglês no Itaim Bibi - 9vee,2026-06-12,200,sim,blog-posts-sitemap.xml,
https://www.9vee.com.br/post/aprender-ingles-no-rio-de-janeiro,/post/aprender-ingles-no-rio-de-janeiro,post-do-blog,Aprender Inglês no Rio de Janeiro - 9vee,2026-03-25,200,sim,blog-posts-sitemap.xml,
https://www.9vee.com.br/post/aprender-ingles-no-tatuape,/post/aprender-ingles-no-tatuape,post-do-blog,Aprender Inglês no Tatuapé - 9vee,2026-06-08,200,sim,blog-posts-sitemap.xml,
https://www.9vee.com.br/post/aprender-ingles-nos-jardins,/post/aprender-ingles-nos-jardins,post-do-blog,Aprender inglês nos Jardins - 9vee,2026-06-24,200,sim,blog-posts-sitemap.xml,
https://www.9vee.com.br/post/aula-de-ingles-espanhol-frances-italiano-alemao,/post/aula-de-ingles-espanhol-frances-italiano-alemao,post-do-blog,"Aula de Inglês, Espanhol, Francês, Italiano e Alemão - 9vee",2026-03-21,200,sim,blog-posts-sitemap.xml,
https://www.9vee.com.br/post/aula-de-ingles-ou-espanhol-em-empresas,/post/aula-de-ingles-ou-espanhol-em-empresas,post-do-blog,Aula de Inglês ou Espanhol em Empresas - 9vee,2026-03-20,200,sim,blog-posts-sitemap.xml,
https://www.9vee.com.br/post/aula-individual-de-ingles-in-company,/post/aula-individual-de-ingles-in-company,post-do-blog,Aula Individual de Inglês In Company - 9vee,2026-03-21,200,sim,blog-posts-sitemap.xml,
https://www.9vee.com.br/post/aula-particular-de-idiomas-em-sao-paulo,/post/aula-particular-de-idiomas-em-sao-paulo,post-do-blog,Aula Particular de Idiomas em São Paulo - 9vee,2026-03-21,200,sim,blog-posts-sitemap.xml,
https://www.9vee.com.br/post/aula-particular-de-portugues-para-estrangeiros-em-sao-paulo,/post/aula-particular-de-portugues-para-estrangeiros-em-sao-paulo,post-do-blog,Aula Particular de Português Para Estrangeiros em São Paulo - 9vee,2026-03-21,200,sim,blog-posts-sitemap.xml,
https://www.9vee.com.br/post/aulas-de-espanhol-basico,/post/aulas-de-espanhol-basico,post-do-blog,Aulas de Espanhol Básico - 9vee,2026-03-20,200,sim,blog-posts-sitemap.xml,
https://www.9vee.com.br/post/aulas-de-ingles-com-certificado-na-melhor-escola-de-sao-paulo,/post/aulas-de-ingles-com-certificado-na-melhor-escola-de-sao-paulo,post-do-blog,Aulas de Inglês com Certificado na Melhor Escola de São Paulo - 9vee,2026-03-21,200,sim,blog-posts-sitemap.xml,
https://www.9vee.com.br/post/aulas-particulares-de-chines-em-sao-paulo,/post/aulas-particulares-de-chines-em-sao-paulo,post-do-blog,Aulas particulares de chinês em São Paulo - 9vee,2026-05-19,200,sim,blog-posts-sitemap.xml,
https://www.9vee.com.br/post/aulas-particulares-de-chines-na-av-paulista,/post/aulas-particulares-de-chines-na-av-paulista,post-do-blog,Aulas Particulares de Chinês na Av. Paulista - 9vee,2026-06-02,200,sim,blog-posts-sitemap.xml,
https://www.9vee.com.br/post/curso-de-alemao-em-belem,/post/curso-de-alemao-em-belem,post-do-blog,Curso de Alemão em Belém - 9vee,2026-04-04,200,sim,blog-posts-sitemap.xml,
https://www.9vee.com.br/post/curso-de-alemao-em-belo-horizonte,/post/curso-de-alemao-em-belo-horizonte,post-do-blog,Curso de Alemão em Belo Horizonte - 9vee,2026-03-22,200,sim,blog-posts-sitemap.xml,
https://www.9vee.com.br/post/curso-de-alemao-em-brasilia,/post/curso-de-alemao-em-brasilia,post-do-blog,Curso de Alemão em Brasília - 9vee,2026-03-22,200,sim,blog-posts-sitemap.xml,
https://www.9vee.com.br/post/curso-de-alemao-em-campinas,/post/curso-de-alemao-em-campinas,post-do-blog,Curso de Alemão em Campinas - 9vee,2026-03-25,200,sim,blog-posts-sitemap.xml,
https://www.9vee.com.br/post/curso-de-alemao-em-campo-grande,/post/curso-de-alemao-em-campo-grande,post-do-blog,Curso de Alemão em Campo Grande - 9vee,2026-04-13,200,sim,blog-posts-sitemap.xml,
https://www.9vee.com.br/post/curso-de-alemao-em-cuiaba,/post/curso-de-alemao-em-cuiaba,post-do-blog,Curso de Alemão em Cuiabá – 9vee,2026-04-06,200,sim,blog-posts-sitemap.xml,
https://www.9vee.com.br/post/curso-de-alemao-em-curitiba,/post/curso-de-alemao-em-curitiba,post-do-blog,Curso de Alemão em Curitiba - 9vee,2026-03-31,200,sim,blog-posts-sitemap.xml,
https://www.9vee.com.br/post/curso-de-alemao-em-florianopolis,/post/curso-de-alemao-em-florianopolis,post-do-blog,Curso de Alemão em Florianópolis - 9vee,2026-03-22,200,sim,blog-posts-sitemap.xml,
https://www.9vee.com.br/post/curso-de-alemao-em-goiania,/post/curso-de-alemao-em-goiania,post-do-blog,Curso de Alemão em Goiânia - 9vee,2026-03-22,200,sim,blog-posts-sitemap.xml,
https://www.9vee.com.br/post/curso-de-alemao-em-jundiai,/post/curso-de-alemao-em-jundiai,post-do-blog,Curso de Alemão em Jundiaí - 9vee,2026-04-13,200,sim,blog-posts-sitemap.xml,
https://www.9vee.com.br/post/curso-de-alemao-em-manaus,/post/curso-de-alemao-em-manaus,post-do-blog,Curso de Alemão em Manaus - 9vee,2026-04-13,200,sim,blog-posts-sitemap.xml,
https://www.9vee.com.br/post/curso-de-alemão-em-porto-alegre,/post/curso-de-alem%C3%A3o-em-porto-alegre,post-do-blog,Curso de Alemão em Porto Alegre - 9vee,2026-04-08,200,sim,blog-posts-sitemap.xml,
https://www.9vee.com.br/post/curso-de-alemao-em-sao-paulo,/post/curso-de-alemao-em-sao-paulo,post-do-blog,Curso de Alemão em São Paulo - 9vee,2026-03-22,200,sim,blog-posts-sitemap.xml,
https://www.9vee.com.br/post/curso-de-alemao-em-vitoria,/post/curso-de-alemao-em-vitoria,post-do-blog,Curso de Alemão em Vitória - 9vee,2026-04-01,200,sim,blog-posts-sitemap.xml,
https://www.9vee.com.br/post/curso-de-alemao-no-rio-de-janeiro,/post/curso-de-alemao-no-rio-de-janeiro,post-do-blog,Curso de Alemão no Rio de Janeiro - 9vee,2026-03-22,200,sim,blog-posts-sitemap.xml,
https://www.9vee.com.br/post/curso-de-espanhol-barato,/post/curso-de-espanhol-barato,post-do-blog,Curso de Espanhol Barato - 9vee,2026-03-22,200,sim,blog-posts-sitemap.xml,
https://www.9vee.com.br/post/curso-de-espanhol-em-alphaville,/post/curso-de-espanhol-em-alphaville,post-do-blog,Curso de Espanhol em Alphaville - 9vee,2026-04-02,200,sim,blog-posts-sitemap.xml,
https://www.9vee.com.br/post/curso-de-espanhol-em-aracaju,/post/curso-de-espanhol-em-aracaju,post-do-blog,Curso de Espanhol em Aracaju - 9vee,2026-04-07,200,sim,blog-posts-sitemap.xml,
https://www.9vee.com.br/post/curso-de-espanhol-em-belem,/post/curso-de-espanhol-em-belem,post-do-blog,Curso de Espanhol em Belém - 9vee,2026-03-31,200,sim,blog-posts-sitemap.xml,
https://www.9vee.com.br/post/curso-de-espanhol-em-belo-horizonte,/post/curso-de-espanhol-em-belo-horizonte,post-do-blog,Curso de Espanhol em Belo Horizonte - 9vee,2026-03-30,200,sim,blog-posts-sitemap.xml,
https://www.9vee.com.br/post/curso-de-espanhol-em-blumenau,/post/curso-de-espanhol-em-blumenau,post-do-blog,Curso de Espanhol em Blumenau - 9vee,2026-05-21,200,sim,blog-posts-sitemap.xml,
https://www.9vee.com.br/post/curso-de-espanhol-em-brasilia,/post/curso-de-espanhol-em-brasilia,post-do-blog,Curso de Espanhol em Brasília - 9vee,2026-03-30,200,sim,blog-posts-sitemap.xml,
https://www.9vee.com.br/post/curso-de-espanhol-em-campinas,/post/curso-de-espanhol-em-campinas,post-do-blog,Curso de Espanhol em Campinas - 9vee,2026-03-30,200,sim,blog-posts-sitemap.xml,
https://www.9vee.com.br/post/curso-de-espanhol-em-campo-grande,/post/curso-de-espanhol-em-campo-grande,post-do-blog,Curso de Espanhol em Campo Grande - 9vee,2026-03-31,200,sim,blog-posts-sitemap.xml,
https://www.9vee.com.br/post/curso-de-espanhol-em-cuiaba,/post/curso-de-espanhol-em-cuiaba,post-do-blog,Curso de Espanhol em Cuiabá - 9vee,2026-03-31,200,sim,blog-posts-sitemap.xml,
https://www.9vee.com.br/post/curso-de-espanhol-em-curitiba,/post/curso-de-espanhol-em-curitiba,post-do-blog,Curso de Espanhol em Curitiba - 9vee,2026-03-30,200,sim,blog-posts-sitemap.xml,
https://www.9vee.com.br/post/curso-de-espanhol-em-florianopolis,/post/curso-de-espanhol-em-florianopolis,post-do-blog,Curso de Espanhol em Florianópolis - 9vee,2026-03-30,200,sim,blog-posts-sitemap.xml,
https://www.9vee.com.br/post/curso-de-espanhol-em-fortaleza,/post/curso-de-espanhol-em-fortaleza,post-do-blog,Curso de Espanhol em Fortaleza - 9vee,2026-04-04,200,sim,blog-posts-sitemap.xml,
https://www.9vee.com.br/post/curso-de-espanhol-em-goiania,/post/curso-de-espanhol-em-goiania,post-do-blog,Curso de Espanhol em Goiânia - 9vee,2026-03-30,200,sim,blog-posts-sitemap.xml,
https://www.9vee.com.br/post/curso-de-espanhol-em-guarulhos,/post/curso-de-espanhol-em-guarulhos,post-do-blog,Curso de Espanhol em Guarulhos - 9vee,2026-05-19,200,sim,blog-posts-sitemap.xml,
https://www.9vee.com.br/post/curso-de-espanhol-em-joao-pessoa,/post/curso-de-espanhol-em-joao-pessoa,post-do-blog,Curso de Espanhol em João Pessoa - 9vee,2026-04-04,200,sim,blog-posts-sitemap.xml,
https://www.9vee.com.br/post/curso-de-espanhol-em-joinville,/post/curso-de-espanhol-em-joinville,post-do-blog,Curso de Espanhol em Joinville - 9vee,2026-05-20,200,sim,blog-posts-sitemap.xml,
https://www.9vee.com.br/post/curso-de-espanhol-em-jundiai,/post/curso-de-espanhol-em-jundiai,post-do-blog,Curso de Espanhol em Jundiaí - 9vee,2026-04-14,200,sim,blog-posts-sitemap.xml,
https://www.9vee.com.br/post/curso-de-espanhol-em-londrina,/post/curso-de-espanhol-em-londrina,post-do-blog,Curso de Espanhol em Londrina - 9vee,2026-04-15,200,sim,blog-posts-sitemap.xml,
https://www.9vee.com.br/post/curso-de-espanhol-em-macapa,/post/curso-de-espanhol-em-macapa,post-do-blog,Curso de Espanhol em Macapá - 9vee,2026-04-05,200,sim,blog-posts-sitemap.xml,
https://www.9vee.com.br/post/curso-de-espanhol-em-manaus,/post/curso-de-espanhol-em-manaus,post-do-blog,Curso de Espanhol em Manaus - 9vee,2026-03-31,200,sim,blog-posts-sitemap.xml,
https://www.9vee.com.br/post/curso-de-espanhol-em-maringa,/post/curso-de-espanhol-em-maringa,post-do-blog,Curso de Espanhol em Maringá - 9vee,2026-05-14,200,sim,blog-posts-sitemap.xml,
https://www.9vee.com.br/post/curso-de-espanhol-em-natal,/post/curso-de-espanhol-em-natal,post-do-blog,Curso de Espanhol em Natal - 9vee,2026-04-02,200,sim,blog-posts-sitemap.xml,
https://www.9vee.com.br/post/curso-de-espanhol-em-niteroi,/post/curso-de-espanhol-em-niteroi,post-do-blog,Curso de Espanhol em Niterói - 9vee,2026-05-19,200,sim,blog-posts-sitemap.xml,
https://www.9vee.com.br/post/curso-de-espanhol-em-osasco,/post/curso-de-espanhol-em-osasco,post-do-blog,Curso de Espanhol em Osasco - 9vee,2026-05-19,200,sim,blog-posts-sitemap.xml,
https://www.9vee.com.br/post/curso-de-espanhol-em-palmas,/post/curso-de-espanhol-em-palmas,post-do-blog,Curso de Espanhol em Palmas - 9vee,2026-04-02,200,sim,blog-posts-sitemap.xml,
https://www.9vee.com.br/post/curso-de-espanhol-em-ponta-grossa,/post/curso-de-espanhol-em-ponta-grossa,post-do-blog,Curso de Espanhol em Ponta Grossa - 9vee,2026-05-16,200,sim,blog-posts-sitemap.xml,
https://www.9vee.com.br/post/curso-de-espanhol-em-porto-alegre,/post/curso-de-espanhol-em-porto-alegre,post-do-blog,Curso de Espanhol em Porto Alegre - 9vee,2026-03-30,200,sim,blog-posts-sitemap.xml,
https://www.9vee.com.br/post/curso-de-espanhol-em-porto-velho,/post/curso-de-espanhol-em-porto-velho,post-do-blog,Curso de Espanhol em Porto Velho - 9vee,2026-04-04,200,sim,blog-posts-sitemap.xml,
https://www.9vee.com.br/post/curso-de-espanhol-em-recife,/post/curso-de-espanhol-em-recife,post-do-blog,Curso de Espanhol em Recife - 9vee,2026-04-02,200,sim,blog-posts-sitemap.xml,
https://www.9vee.com.br/post/curso-de-espanhol-em-ribeirao-preto,/post/curso-de-espanhol-em-ribeirao-preto,post-do-blog,Curso de Espanhol em Ribeirão Preto - 9vee,2026-05-21,200,sim,blog-posts-sitemap.xml,
https://www.9vee.com.br/post/curso-de-espanhol-em-rio-branco,/post/curso-de-espanhol-em-rio-branco,post-do-blog,Curso de Espanhol em Rio Branco - 9vee,2026-07-24,200,sim,blog-posts-sitemap.xml,
https://www.9vee.com.br/post/curso-de-espanhol-em-salvador,/post/curso-de-espanhol-em-salvador,post-do-blog,Curso de Espanhol em Salvador - 9vee,2026-04-04,200,sim,blog-posts-sitemap.xml,
https://www.9vee.com.br/post/curso-de-espanhol-em-sao-bernardo-do-campo,/post/curso-de-espanhol-em-sao-bernardo-do-campo,post-do-blog,Curso de Espanhol em São Bernardo do Campo - 9vee,2026-06-03,200,sim,blog-posts-sitemap.xml,
https://www.9vee.com.br/post/curso-de-espanhol-em-sao-caetano-do-sul,/post/curso-de-espanhol-em-sao-caetano-do-sul,post-do-blog,Curso de Espanhol em São Caetano do Sul - 9vee,2026-05-21,200,sim,blog-posts-sitemap.xml,
https://www.9vee.com.br/post/curso-de-espanhol-em-sao-luis,/post/curso-de-espanhol-em-sao-luis,post-do-blog,Curso de Espanhol em São Luís - 9vee,2026-04-04,200,sim,blog-posts-sitemap.xml,
https://www.9vee.com.br/post/curso-de-espanhol-em-sorocaba,/post/curso-de-espanhol-em-sorocaba,post-do-blog,Curso de Espanhol em Sorocaba - 9vee,2026-05-20,200,sim,blog-posts-sitemap.xml,
https://www.9vee.com.br/post/curso-de-espanhol-em-teresina,/post/curso-de-espanhol-em-teresina,post-do-blog,Curso de Espanhol em Teresina - 9vee,2026-04-02,200,sim,blog-posts-sitemap.xml,
https://www.9vee.com.br/post/curso-de-espanhol-em-uberaba,/post/curso-de-espanhol-em-uberaba,post-do-blog,Curso de espanhol em Uberaba - 9vee,2026-05-14,200,sim,blog-posts-sitemap.xml,
https://www.9vee.com.br/post/curso-de-espanhol-em-uberlandia,/post/curso-de-espanhol-em-uberlandia,post-do-blog,Curso de Espanhol em Uberlândia - 9vee,2026-04-14,200,sim,blog-posts-sitemap.xml,
https://www.9vee.com.br/post/curso-de-espanhol-em-vitoria,/post/curso-de-espanhol-em-vitoria,post-do-blog,Curso de Espanhol em Vitória - 9vee,2026-03-30,200,sim,blog-posts-sitemap.xml,
https://www.9vee.com.br/post/curso-de-espanhol-na-av-paulista,/post/curso-de-espanhol-na-av-paulista,post-do-blog,Curso de Espanhol na Av. Paulista - 9vee,2026-05-30,200,sim,blog-posts-sitemap.xml,
https://www.9vee.com.br/post/curso-de-espanhol-na-faria-lima,/post/curso-de-espanhol-na-faria-lima,post-do-blog,Curso de Espanhol na Faria Lima - 9vee,2026-05-22,200,sim,blog-posts-sitemap.xml,
https://www.9vee.com.br/post/curso-de-espanhol-na-vila-madalena,/post/curso-de-espanhol-na-vila-madalena,post-do-blog,Curso de Espanhol na Vila Madalena - 9vee,2026-06-02,200,sim,blog-posts-sitemap.xml,
https://www.9vee.com.br/post/curso-de-espanhol-na-vila-mariana,/post/curso-de-espanhol-na-vila-mariana,post-do-blog,Curso de Espanhol na Vila Mariana - 9vee,2026-05-22,200,sim,blog-posts-sitemap.xml,
https://www.9vee.com.br/post/curso-de-espanhol-na-vila-olimpia,/post/curso-de-espanhol-na-vila-olimpia,post-do-blog,Curso de Espanhol na Vila Olímpia - 9vee,2026-05-26,200,sim,blog-posts-sitemap.xml,
https://www.9vee.com.br/post/curso-de-espanhol-no-itaim-bibi,/post/curso-de-espanhol-no-itaim-bibi,post-do-blog,Curso de Espanhol no Itaim Bibi - 9vee,2026-05-28,200,sim,blog-posts-sitemap.xml,
https://www.9vee.com.br/post/curso-de-espanhol-no-rio-de-janeiro,/post/curso-de-espanhol-no-rio-de-janeiro,post-do-blog,Curso de Espanhol no Rio de Janeiro - 9vee,2026-03-24,200,sim,blog-posts-sitemap.xml,
https://www.9vee.com.br/post/curso-de-espanhol-nos-jardins,/post/curso-de-espanhol-nos-jardins,post-do-blog,Curso de Espanhol nos Jardins – 9vee,2026-06-03,200,sim,blog-posts-sitemap.xml,
https://www.9vee.com.br/post/curso-de-espanhol-presencial,/post/curso-de-espanhol-presencial,post-do-blog,Curso de Espanhol Presencial - 9vee,2026-03-22,200,sim,blog-posts-sitemap.xml,
https://www.9vee.com.br/post/curso-de-frances-em-alphaville,/post/curso-de-frances-em-alphaville,post-do-blog,Curso de Francês em Alphaville - 9vee,2026-04-09,200,sim,blog-posts-sitemap.xml,
https://www.9vee.com.br/post/curso-de-frances-em-aracaju,/post/curso-de-frances-em-aracaju,post-do-blog,Curso de Francês em Aracaju - 9vee,2026-08-03,200,sim,blog-posts-sitemap.xml,
https://www.9vee.com.br/post/curso-de-frances-em-balneario-camboriu,/post/curso-de-frances-em-balneario-camboriu,post-do-blog,Curso de Francês em Balneário Camboriú - 9vee,2026-08-18,200,sim,blog-posts-sitemap.xml,
https://www.9vee.com.br/post/curso-de-frances-em-brasilia,/post/curso-de-frances-em-brasilia,post-do-blog,Curso de Francês em Brasília - 9vee,2026-04-07,200,sim,blog-posts-sitemap.xml,
https://www.9vee.com.br/post/curso-de-frances-em-campinas,/post/curso-de-frances-em-campinas,post-do-blog,Curso de Francês em Campinas - 9vee,2026-04-13,200,sim,blog-posts-sitemap.xml,
https://www.9vee.com.br/post/curso-de-frances-em-curitiba,/post/curso-de-frances-em-curitiba,post-do-blog,Curso de Francês em Curitiba - 9vee,2026-07-30,200,sim,blog-posts-sitemap.xml,
https://www.9vee.com.br/post/curso-de-frances-em-goiania,/post/curso-de-frances-em-goiania,post-do-blog,Curso de Francês em Goiânia - 9vee,2026-05-22,200,sim,blog-posts-sitemap.xml,
https://www.9vee.com.br/post/curso-de-frances-em-guarulhos,/post/curso-de-frances-em-guarulhos,post-do-blog,Curso de Francês em Guarulhos - 9vee,2026-07-30,200,sim,blog-posts-sitemap.xml,
https://www.9vee.com.br/post/curso-de-frances-em-joinville,/post/curso-de-frances-em-joinville,post-do-blog,Curso de Francês em Joinville - 9vee,2026-08-17,200,sim,blog-posts-sitemap.xml,
https://www.9vee.com.br/post/curso-de-frances-em-natal,/post/curso-de-frances-em-natal,post-do-blog,Curso de Francês em Natal - 9vee,2026-08-04,200,sim,blog-posts-sitemap.xml,
https://www.9vee.com.br/post/curso-de-frances-em-ribeirao-preto,/post/curso-de-frances-em-ribeirao-preto,post-do-blog,Curso de Francês em Ribeirão Preto - 9vee,2026-06-03,200,sim,blog-posts-sitemap.xml,
https://www.9vee.com.br/post/curso-de-frances-em-salvador,/post/curso-de-frances-em-salvador,post-do-blog,Curso de Francês em Salvador - 9vee,2026-04-08,200,sim,blog-posts-sitemap.xml,
https://www.9vee.com.br/post/curso-de-frances-em-santo-andre,/post/curso-de-frances-em-santo-andre,post-do-blog,Curso de Francês em Santo André - 9vee,2026-06-06,200,sim,blog-posts-sitemap.xml,
https://www.9vee.com.br/post/curso-de-frances-em-sao-jose-dos-campos,/post/curso-de-frances-em-sao-jose-dos-campos,post-do-blog,Curso de Francês em São José dos Campos - 9vee,2026-08-15,200,sim,blog-posts-sitemap.xml,
https://www.9vee.com.br/post/curso-de-frances-em-sao-paulo,/post/curso-de-frances-em-sao-paulo,post-do-blog,Curso de Francês em São Paulo - 9vee,2026-03-22,200,sim,blog-posts-sitemap.xml,
https://www.9vee.com.br/post/curso-de-frances-em-sorocaba,/post/curso-de-frances-em-sorocaba,post-do-blog,Curso de Francês em Sorocaba - 9vee,2026-07-13,200,sim,blog-posts-sitemap.xml,
https://www.9vee.com.br/post/curso-de-frances-na-faria-lima,/post/curso-de-frances-na-faria-lima,post-do-blog,Curso de Francês na Faria Lima - 9vee,2026-07-15,200,sim,blog-posts-sitemap.xml,
https://www.9vee.com.br/post/curso-de-frances-na-vila-madalena,/post/curso-de-frances-na-vila-madalena,post-do-blog,Curso de Francês na Vila Madalena - 9vee,2026-06-07,200,sim,blog-posts-sitemap.xml,
https://www.9vee.com.br/post/curso-de-frances-na-vila-mariana,/post/curso-de-frances-na-vila-mariana,post-do-blog,Curso de Francês na Vila Mariana - 9vee,2026-06-01,200,sim,blog-posts-sitemap.xml,
https://www.9vee.com.br/post/curso-de-frances-na-vila-olimpia,/post/curso-de-frances-na-vila-olimpia,post-do-blog,Curso de Francês na Vila Olímpia - 9vee,2026-06-08,200,sim,blog-posts-sitemap.xml,
https://www.9vee.com.br/post/curso-de-holandes-em-aracaju,/post/curso-de-holandes-em-aracaju,post-do-blog,Curso de Holandês em Aracaju - 9vee,2026-07-08,200,sim,blog-posts-sitemap.xml,
https://www.9vee.com.br/post/curso-de-holandes-em-belem,/post/curso-de-holandes-em-belem,post-do-blog,Curso de Holandês em Belém - 9vee,2026-07-10,200,sim,blog-posts-sitemap.xml,
https://www.9vee.com.br/post/curso-de-holandes-em-belo-horizonte,/post/curso-de-holandes-em-belo-horizonte,post-do-blog,Curso de Holandês em Belo Horizonte - 9vee,2026-04-03,200,sim,blog-posts-sitemap.xml,
https://www.9vee.com.br/post/curso-de-holandes-em-blumenau,/post/curso-de-holandes-em-blumenau,post-do-blog,Curso de Holandês em Blumenau - 9vee,2026-07-28,200,sim,blog-posts-sitemap.xml,
https://www.9vee.com.br/post/curso-de-holandes-em-boa-vista,/post/curso-de-holandes-em-boa-vista,post-do-blog,Curso de Holandês em Boa Vista - 9vee,2026-04-05,200,sim,blog-posts-sitemap.xml,
https://www.9vee.com.br/post/curso-de-holandes-em-brasilia,/post/curso-de-holandes-em-brasilia,post-do-blog,Curso de Holandês em Brasília - 9vee,2026-04-02,200,sim,blog-posts-sitemap.xml,
https://www.9vee.com.br/post/curso-de-holandes-em-campinas,/post/curso-de-holandes-em-campinas,post-do-blog,Curso de Holandês em Campinas - 9vee,2026-04-09,200,sim,blog-posts-sitemap.xml,
https://www.9vee.com.br/post/curso-de-holandes-em-campo-grande,/post/curso-de-holandes-em-campo-grande,post-do-blog,Curso de Holandês em Campo Grande - 9vee,2026-08-02,200,sim,blog-posts-sitemap.xml,
https://www.9vee.com.br/post/curso-de-holandes-em-cuiaba,/post/curso-de-holandes-em-cuiaba,post-do-blog,Curso de Holandês em Cuiabá - 9vee,2026-07-08,200,sim,blog-posts-sitemap.xml,
https://www.9vee.com.br/post/curso-de-holandes-em-curitiba,/post/curso-de-holandes-em-curitiba,post-do-blog,Curso de Holandês em Curitiba - 9vee,2026-04-04,200,sim,blog-posts-sitemap.xml,
https://www.9vee.com.br/post/curso-de-holandes-em-florianopolis,/post/curso-de-holandes-em-florianopolis,post-do-blog,Curso de Holandês em Florianópolis - 9vee,2026-03-23,200,sim,blog-posts-sitemap.xml,
https://www.9vee.com.br/post/curso-de-holandes-em-fortaleza,/post/curso-de-holandes-em-fortaleza,post-do-blog,Curso de Holandês em Fortaleza - 9vee,2026-07-22,200,sim,blog-posts-sitemap.xml,
https://www.9vee.com.br/post/curso-de-holandes-em-goiania,/post/curso-de-holandes-em-goiania,post-do-blog,Curso de Holandês em Goiânia - 9vee,2026-05-22,200,sim,blog-posts-sitemap.xml,
https://www.9vee.com.br/post/curso-de-holandes-em-joao-pessoa,/post/curso-de-holandes-em-joao-pessoa,post-do-blog,Curso de Holandês em João Pessoa - 9vee,2026-07-23,200,sim,blog-posts-sitemap.xml,
https://www.9vee.com.br/post/curso-de-holandes-em-joinville,/post/curso-de-holandes-em-joinville,post-do-blog,Curso de Holandês em Joinville - 9vee,2026-07-28,200,sim,blog-posts-sitemap.xml,
https://www.9vee.com.br/post/curso-de-holandes-em-jundiai,/post/curso-de-holandes-em-jundiai,post-do-blog,Curso de Holandês em Jundiaí - 9vee,2026-06-04,200,sim,blog-posts-sitemap.xml,
https://www.9vee.com.br/post/curso-de-holandes-em-maceio,/post/curso-de-holandes-em-maceio,post-do-blog,Curso de Holandês em Maceió - 9vee,2026-07-23,200,sim,blog-posts-sitemap.xml,
https://www.9vee.com.br/post/curso-de-holandes-em-manaus,/post/curso-de-holandes-em-manaus,post-do-blog,Curso de Holandês em Manaus - 9vee,2026-07-09,200,sim,blog-posts-sitemap.xml,
https://www.9vee.com.br/post/curso-de-holandes-em-natal,/post/curso-de-holandes-em-natal,post-do-blog,Curso de Holandês em Natal - 9vee,2026-04-04,200,sim,blog-posts-sitemap.xml,
https://www.9vee.com.br/post/curso-de-holandes-em-osasco,/post/curso-de-holandes-em-osasco,post-do-blog,Curso de Holandês em Osasco - 9vee,2026-07-18,200,sim,blog-posts-sitemap.xml,
https://www.9vee.com.br/post/curso-de-holandes-em-palmas,/post/curso-de-holandes-em-palmas,post-do-blog,Curso de Holandês em Palmas - 9vee,2026-04-05,200,sim,blog-posts-sitemap.xml,
https://www.9vee.com.br/post/curso-de-holandes-em-porto-alegre,/post/curso-de-holandes-em-porto-alegre,post-do-blog,Curso de Holandês em Porto Alegre - 9vee,2026-04-08,200,sim,blog-posts-sitemap.xml,
https://www.9vee.com.br/post/curso-de-holandes-em-porto-velho,/post/curso-de-holandes-em-porto-velho,post-do-blog,Curso de Holandês em Porto Velho - 9vee,2026-07-21,200,sim,blog-posts-sitemap.xml,
https://www.9vee.com.br/post/curso-de-holandes-em-recife,/post/curso-de-holandes-em-recife,post-do-blog,Curso de Holandês em Recife - 9vee,2026-04-04,200,sim,blog-posts-sitemap.xml,
https://www.9vee.com.br/post/curso-de-holandes-em-ribeirao-preto,/post/curso-de-holandes-em-ribeirao-preto,post-do-blog,Curso de Holandês em Ribeirão Preto - 9vee,2026-05-21,200,sim,blog-posts-sitemap.xml,
https://www.9vee.com.br/post/curso-de-holandes-em-salvador,/post/curso-de-holandes-em-salvador,post-do-blog,Curso de Holandês em Salvador - 9vee,2026-06-04,200,sim,blog-posts-sitemap.xml,
https://www.9vee.com.br/post/curso-de-holandes-em-santo-andre,/post/curso-de-holandes-em-santo-andre,post-do-blog,Curso de Holandês em Santo André - 9vee,2026-06-05,200,sim,blog-posts-sitemap.xml,
https://www.9vee.com.br/post/curso-de-holandes-em-sao-jose-dos-campos,/post/curso-de-holandes-em-sao-jose-dos-campos,post-do-blog,Curso de Holandês em São José dos Campos - 9vee,2026-08-15,200,sim,blog-posts-sitemap.xml,
https://www.9vee.com.br/post/curso-de-holandes-em-sao-luis,/post/curso-de-holandes-em-sao-luis,post-do-blog,Curso de Holandês em São Luís - 9vee,2026-07-22,200,sim,blog-posts-sitemap.xml,
https://www.9vee.com.br/post/curso-de-holandes-em-sao-paulo,/post/curso-de-holandes-em-sao-paulo,post-do-blog,Curso de Holandês em São Paulo - 9vee,2026-03-23,200,sim,blog-posts-sitemap.xml,
https://www.9vee.com.br/post/curso-de-holandes-em-sorocaba,/post/curso-de-holandes-em-sorocaba,post-do-blog,Curso de Holandês em Sorocaba - 9vee,2026-07-11,200,sim,blog-posts-sitemap.xml,
https://www.9vee.com.br/post/curso-de-holandes-em-uberaba,/post/curso-de-holandes-em-uberaba,post-do-blog,Curso de Holandês em Uberaba - 9vee,2026-07-28,200,sim,blog-posts-sitemap.xml,
https://www.9vee.com.br/post/curso-de-holandes-na-av-paulista,/post/curso-de-holandes-na-av-paulista,post-do-blog,Curso de Holandês na Av. Paulista - 9vee,2026-07-14,200,sim,blog-posts-sitemap.xml,
https://www.9vee.com.br/post/curso-de-holandes-na-vila-mariana,/post/curso-de-holandes-na-vila-mariana,post-do-blog,Curso de Holandês na Vila Mariana - 9vee,2026-05-27,200,sim,blog-posts-sitemap.xml,
https://www.9vee.com.br/post/curso-de-holandes-na-vila-olimpia,/post/curso-de-holandes-na-vila-olimpia,post-do-blog,Curso de Holandês na Vila Olímpia - 9vee,2026-05-27,200,sim,blog-posts-sitemap.xml,
https://www.9vee.com.br/post/curso-de-holandes-no-itaim-bibi,/post/curso-de-holandes-no-itaim-bibi,post-do-blog,Curso de Holandês no Itaim Bibi - 9vee,2026-05-28,200,sim,blog-posts-sitemap.xml,
https://www.9vee.com.br/post/curso-de-idiomas-em-sao-paulo,/post/curso-de-idiomas-em-sao-paulo,post-do-blog,Curso de Idiomas em São Paulo - 9vee,2026-03-20,200,sim,blog-posts-sitemap.xml,
https://www.9vee.com.br/post/curso-de-imersao-em-sao-paulo,/post/curso-de-imersao-em-sao-paulo,post-do-blog,Curso de Imersão em São Paulo - 9vee,2026-03-20,200,sim,blog-posts-sitemap.xml,
https://www.9vee.com.br/post/curso-de-ingles-avancado,/post/curso-de-ingles-avancado,post-do-blog,Curso de Inglês Avançado - 9vee,2026-03-21,200,sim,blog-posts-sitemap.xml,
https://www.9vee.com.br/post/curso-de-ingles-avancado-em-sp,/post/curso-de-ingles-avancado-em-sp,post-do-blog,Curso de Inglês Avançado em SP - 9vee,2026-03-21,200,sim,blog-posts-sitemap.xml,
https://www.9vee.com.br/post/curso-de-ingles-avancado-preco,/post/curso-de-ingles-avancado-preco,post-do-blog,Curso de Inglês Avançado Preço - 9vee,2026-03-21,200,sim,blog-posts-sitemap.xml,
https://www.9vee.com.br/post/curso-de-ingles-barato,/post/curso-de-ingles-barato,post-do-blog,Curso de Inglês Barato - 9vee,2026-03-21,200,sim,blog-posts-sitemap.xml,
https://www.9vee.com.br/post/curso-de-ingles-business-para-executivos-na-faria-lima,/post/curso-de-ingles-business-para-executivos-na-faria-lima,post-do-blog,Curso de Inglês Business Para Executivos na Faria Lima - 9vee,2026-03-13,200,sim,blog-posts-sitemap.xml,
https://www.9vee.com.br/post/curso-de-ingles-cotidiano-e-business-na-vila-olimpia,/post/curso-de-ingles-cotidiano-e-business-na-vila-olimpia,post-do-blog,Curso de Inglês Cotidiano e Business na Vila Olímpia - 9vee,2026-03-19,200,sim,blog-posts-sitemap.xml,
https://www.9vee.com.br/post/curso-de-ingles-e-espanhol-para-negocios-em-sao-paulo,/post/curso-de-ingles-e-espanhol-para-negocios-em-sao-paulo,post-do-blog,Curso de Inglês e Espanhol para Negócios em São Paulo - 9vee,2026-03-19,200,sim,blog-posts-sitemap.xml,
https://www.9vee.com.br/post/curso-de-ingles-em-alphaville,/post/curso-de-ingles-em-alphaville,post-do-blog,Curso de Inglês em Alphaville - 9vee,2026-03-19,200,sim,blog-posts-sitemap.xml,
https://www.9vee.com.br/post/curso-de-ingles-em-aracaju,/post/curso-de-ingles-em-aracaju,post-do-blog,Curso de Inglês em Aracaju - 9vee,2026-03-16,200,sim,blog-posts-sitemap.xml,
https://www.9vee.com.br/post/curso-de-ingles-em-balneario-camboriu,/post/curso-de-ingles-em-balneario-camboriu,post-do-blog,Curso de Inglês em Balneário Camboriú - 9vee,2026-04-10,200,sim,blog-posts-sitemap.xml,
https://www.9vee.com.br/post/curso-de-ingles-em-belem,/post/curso-de-ingles-em-belem,post-do-blog,Curso de Inglês em Belém - 9vee,2026-03-18,200,sim,blog-posts-sitemap.xml,
https://www.9vee.com.br/post/curso-de-ingles-em-belo-horizonte,/post/curso-de-ingles-em-belo-horizonte,post-do-blog,Curso de Inglês em Belo Horizonte - 9vee,2026-03-13,200,sim,blog-posts-sitemap.xml,
https://www.9vee.com.br/post/curso-de-ingles-em-bh,/post/curso-de-ingles-em-bh,post-do-blog,Curso de Inglês em BH - 9vee,2026-03-21,200,sim,blog-posts-sitemap.xml,
https://www.9vee.com.br/post/curso-de-ingles-em-blumenau,/post/curso-de-ingles-em-blumenau,post-do-blog,Curso de Inglês em Blumenau - 9vee,2026-04-10,200,sim,blog-posts-sitemap.xml,
https://www.9vee.com.br/post/curso-de-ingles-em-boa-vista,/post/curso-de-ingles-em-boa-vista,post-do-blog,Curso de Inglês em Boa Vista - 9vee,2026-03-19,200,sim,blog-posts-sitemap.xml,
https://www.9vee.com.br/post/curso-de-ingles-em-brasilia,/post/curso-de-ingles-em-brasilia,post-do-blog,Curso de Inglês em Brasília - 9vee,2026-03-13,200,sim,blog-posts-sitemap.xml,
https://www.9vee.com.br/post/curso-de-ingles-em-brusque,/post/curso-de-ingles-em-brusque,post-do-blog,Curso de Inglês em Brusque - 9vee,2026-04-10,200,sim,blog-posts-sitemap.xml,
https://www.9vee.com.br/post/curso-de-ingles-em-campinas,/post/curso-de-ingles-em-campinas,post-do-blog,Curso de Inglês em Campinas - 9vee,2026-03-19,200,sim,blog-posts-sitemap.xml,
https://www.9vee.com.br/post/curso-de-ingles-em-campo-grande,/post/curso-de-ingles-em-campo-grande,post-do-blog,Curso de Inglês em Campo Grande - 9vee,2026-03-16,200,sim,blog-posts-sitemap.xml,
https://www.9vee.com.br/post/curso-de-ingles-em-caxias-do-sul,/post/curso-de-ingles-em-caxias-do-sul,post-do-blog,Curso de Inglês em Caxias do Sul - 9vee,2026-04-11,200,sim,blog-posts-sitemap.xml,
https://www.9vee.com.br/post/curso-de-ingles-em-cuiaba,/post/curso-de-ingles-em-cuiaba,post-do-blog,Curso de Inglês em Cuiabá - 9vee,2026-03-19,200,sim,blog-posts-sitemap.xml,
https://www.9vee.com.br/post/curso-de-ingles-em-curitiba,/post/curso-de-ingles-em-curitiba,post-do-blog,Curso de Inglês em Curitiba - 9vee,2026-03-13,200,sim,blog-posts-sitemap.xml,
https://www.9vee.com.br/post/curso-de-ingles-em-florianopolis,/post/curso-de-ingles-em-florianopolis,post-do-blog,Curso de Inglês em Florianópolis - 9vee,2026-03-13,200,sim,blog-posts-sitemap.xml,
https://www.9vee.com.br/post/curso-de-ingles-em-fortaleza,/post/curso-de-ingles-em-fortaleza,post-do-blog,Curso de Inglês em Fortaleza - 9vee,2026-03-16,200,sim,blog-posts-sitemap.xml,
https://www.9vee.com.br/post/curso-de-ingles-em-goiania,/post/curso-de-ingles-em-goiania,post-do-blog,Curso de Inglês em Goiânia - 9vee,2026-03-15,200,sim,blog-posts-sitemap.xml,
https://www.9vee.com.br/post/curso-de-ingles-em-guarulhos,/post/curso-de-ingles-em-guarulhos,post-do-blog,Curso de Inglês em Guarulhos - 9vee,2026-04-11,200,sim,blog-posts-sitemap.xml,
https://www.9vee.com.br/post/curso-de-ingles-em-itajai,/post/curso-de-ingles-em-itajai,post-do-blog,Curso de Inglês em Itajaí - 9vee,2026-04-09,200,sim,blog-posts-sitemap.xml,
https://www.9vee.com.br/post/curso-de-ingles-em-jaragua-do-sul,/post/curso-de-ingles-em-jaragua-do-sul,post-do-blog,Curso de Inglês em Jaraguá do Sul - 9vee,2026-04-10,200,sim,blog-posts-sitemap.xml,
https://www.9vee.com.br/post/curso-de-ingles-em-joao-pessoa,/post/curso-de-ingles-em-joao-pessoa,post-do-blog,Curso de Inglês em João Pessoa - 9vee,2026-03-16,200,sim,blog-posts-sitemap.xml,
https://www.9vee.com.br/post/curso-de-ingles-em-joinville,/post/curso-de-ingles-em-joinville,post-do-blog,Curso de Inglês em Joinville - 9vee,2026-04-10,200,sim,blog-posts-sitemap.xml,
https://www.9vee.com.br/post/curso-de-ingles-em-jundiai,/post/curso-de-ingles-em-jundiai,post-do-blog,Curso de Inglês em Jundiaí - 9vee,2026-04-12,200,sim,blog-posts-sitemap.xml,
https://www.9vee.com.br/post/curso-de-ingles-em-londrina,/post/curso-de-ingles-em-londrina,post-do-blog,Curso de Inglês em Londrina - 9vee,2026-04-11,200,sim,blog-posts-sitemap.xml,
https://www.9vee.com.br/post/curso-de-ingles-em-macapa,/post/curso-de-ingles-em-macapa,post-do-blog,Curso de Inglês em Macapá - 9vee,2026-03-21,200,sim,blog-posts-sitemap.xml,
https://www.9vee.com.br/post/curso-de-ingles-em-maceio,/post/curso-de-ingles-em-maceio,post-do-blog,Curso de Inglês em Maceió - 9vee,2026-03-16,200,sim,blog-posts-sitemap.xml,
https://www.9vee.com.br/post/curso-de-ingles-em-manaus,/post/curso-de-ingles-em-manaus,post-do-blog,Curso de Inglês em Manaus - 9vee,2026-03-18,200,sim,blog-posts-sitemap.xml,
https://www.9vee.com.br/post/curso-de-ingles-em-marica,/post/curso-de-ingles-em-marica,post-do-blog,Curso de Inglês em Maricá - 9vee,2026-04-11,200,sim,blog-posts-sitemap.xml,
https://www.9vee.com.br/post/curso-de-ingles-em-maringa,/post/curso-de-ingles-em-maringa,post-do-blog,Curso de Inglês em Maringá - 9vee,2026-04-12,200,sim,blog-posts-sitemap.xml,
https://www.9vee.com.br/post/curso-de-ingles-em-natal,/post/curso-de-ingles-em-natal,post-do-blog,Curso de Inglês em Natal - 9vee,2026-03-19,200,sim,blog-posts-sitemap.xml,
https://www.9vee.com.br/post/curso-de-ingles-em-niteroi,/post/curso-de-ingles-em-niteroi,post-do-blog,Curso de Inglês em Niterói - 9vee,2026-04-11,200,sim,blog-posts-sitemap.xml,
https://www.9vee.com.br/post/curso-de-ingles-em-novo-hamburgo,/post/curso-de-ingles-em-novo-hamburgo,post-do-blog,Curso de Inglês em Novo Hamburgo - 9vee,2026-04-11,200,sim,blog-posts-sitemap.xml,
https://www.9vee.com.br/post/curso-de-ingles-em-osasco,/post/curso-de-ingles-em-osasco,post-do-blog,Curso de Inglês em Osasco - 9vee,2026-04-11,200,sim,blog-posts-sitemap.xml,
https://www.9vee.com.br/post/curso-de-ingles-em-palmas,/post/curso-de-ingles-em-palmas,post-do-blog,Curso de Inglês em Palmas - 9vee,2026-03-19,200,sim,blog-posts-sitemap.xml,
https://www.9vee.com.br/post/curso-de-ingles-em-paulinia,/post/curso-de-ingles-em-paulinia,post-do-blog,Curso de Inglês em Paulínia - 9vee,2026-04-12,200,sim,blog-posts-sitemap.xml,
https://www.9vee.com.br/post/curso-de-ingles-em-perdizes,/post/curso-de-ingles-em-perdizes,post-do-blog,Curso de Inglês em Perdizes - 9vee,2026-03-19,200,sim,blog-posts-sitemap.xml,
https://www.9vee.com.br/post/curso-de-ingles-em-pinheiros,/post/curso-de-ingles-em-pinheiros,post-do-blog,Curso de Inglês em Pinheiros - 9vee,2026-03-19,200,sim,blog-posts-sitemap.xml,
https://www.9vee.com.br/post/curso-de-ingles-em-piracicaba,/post/curso-de-ingles-em-piracicaba,post-do-blog,Curso de Inglês em Piracicaba - 9vee,2026-04-11,200,sim,blog-posts-sitemap.xml,
https://www.9vee.com.br/post/curso-de-ingles-em-ponta-grossa,/post/curso-de-ingles-em-ponta-grossa,post-do-blog,Curso de Inglês em Ponta Grossa - 9vee,2026-04-13,200,sim,blog-posts-sitemap.xml,
https://www.9vee.com.br/post/curso-de-ingles-em-porto-alegre,/post/curso-de-ingles-em-porto-alegre,post-do-blog,Curso de Inglês em Porto Alegre – 9vee,2026-03-16,200,sim,blog-posts-sitemap.xml,
https://www.9vee.com.br/post/curso-de-ingles-em-porto-velho,/post/curso-de-ingles-em-porto-velho,post-do-blog,Curso de Inglês em Porto Velho - 9vee,2026-03-16,200,sim,blog-posts-sitemap.xml,
https://www.9vee.com.br/post/curso-de-ingles-em-recife,/post/curso-de-ingles-em-recife,post-do-blog,Curso de Inglês em Recife - 9vee,2026-03-16,200,sim,blog-posts-sitemap.xml,
https://www.9vee.com.br/post/curso-de-ingles-em-rio-branco,/post/curso-de-ingles-em-rio-branco,post-do-blog,Curso de Inglês em Rio Branco - 9vee,2026-03-19,200,sim,blog-posts-sitemap.xml,
https://www.9vee.com.br/post/curso-de-ingles-em-salvador,/post/curso-de-ingles-em-salvador,post-do-blog,Curso de Inglês em Salvador - 9vee,2026-03-14,200,sim,blog-posts-sitemap.xml,
https://www.9vee.com.br/post/curso-de-ingles-em-santo-andre,/post/curso-de-ingles-em-santo-andre,post-do-blog,Curso de Inglês em Santo André - 9vee,2026-04-11,200,sim,blog-posts-sitemap.xml,
https://www.9vee.com.br/post/curso-de-ingles-em-sao-bernardo-do-campo,/post/curso-de-ingles-em-sao-bernardo-do-campo,post-do-blog,Curso de Inglês em São Bernardo do Campo - 9vee,2026-04-11,200,sim,blog-posts-sitemap.xml,
https://www.9vee.com.br/post/curso-de-ingles-em-sao-caetano-do-sul,/post/curso-de-ingles-em-sao-caetano-do-sul,post-do-blog,Curso de Inglês em São Caetano do Sul - 9vee,2026-04-10,200,sim,blog-posts-sitemap.xml,
https://www.9vee.com.br/post/curso-de-ingles-em-sao-jose-dos-pinhais,/post/curso-de-ingles-em-sao-jose-dos-pinhais,post-do-blog,Curso de Inglês em São José dos Pinhais - 9vee,2026-04-12,200,sim,blog-posts-sitemap.xml,
https://www.9vee.com.br/post/curso-de-ingles-em-sao-luis,/post/curso-de-ingles-em-sao-luis,post-do-blog,Curso de Inglês em São Luís - 9vee,2026-03-19,200,sim,blog-posts-sitemap.xml,
https://www.9vee.com.br/post/curso-de-ingles-em-saquarema,/post/curso-de-ingles-em-saquarema,post-do-blog,Curso de Inglês em Saquarema - 9vee,2026-04-12,200,sim,blog-posts-sitemap.xml,
https://www.9vee.com.br/post/curso-de-ingles-em-sorocaba,/post/curso-de-ingles-em-sorocaba,post-do-blog,Curso de Inglês em Sorocaba - 9vee,2026-04-10,200,sim,blog-posts-sitemap.xml,
https://www.9vee.com.br/post/curso-de-ingles-em-teresina,/post/curso-de-ingles-em-teresina,post-do-blog,Curso de Inglês em Teresina - 9vee,2026-03-18,200,sim,blog-posts-sitemap.xml,
https://www.9vee.com.br/post/curso-de-ingles-em-uberaba,/post/curso-de-ingles-em-uberaba,post-do-blog,Curso de Inglês em Uberaba - 9vee,2026-04-14,200,sim,blog-posts-sitemap.xml,
https://www.9vee.com.br/post/curso-de-ingles-em-uberlandia,/post/curso-de-ingles-em-uberlandia,post-do-blog,Curso de Inglês em Uberlândia - 9vee,2026-04-10,200,sim,blog-posts-sitemap.xml,
https://www.9vee.com.br/post/curso-de-ingles-em-vitoria,/post/curso-de-ingles-em-vitoria,post-do-blog,Curso de Inglês em Vitória - 9vee,2026-03-16,200,sim,blog-posts-sitemap.xml,
https://www.9vee.com.br/post/curso-de-ingles-especial-para-kids-em-sao-paulo,/post/curso-de-ingles-especial-para-kids-em-sao-paulo,post-do-blog,Curso de Inglês Especial Para Kids em São Paulo - 9vee,2026-03-19,200,sim,blog-posts-sitemap.xml,
https://www.9vee.com.br/post/curso-de-ingles-melhor-preco,/post/curso-de-ingles-melhor-preco,post-do-blog,Curso de Inglês Melhor Preço - 9vee,2026-03-21,200,sim,blog-posts-sitemap.xml,
https://www.9vee.com.br/post/curso-de-ingles-menor-preco,/post/curso-de-ingles-menor-preco,post-do-blog,Curso de Inglês Menor Preço - 9vee,2026-03-21,200,sim,blog-posts-sitemap.xml,
https://www.9vee.com.br/post/curso-de-ingles-na-vila-madalena,/post/curso-de-ingles-na-vila-madalena,post-do-blog,Curso de Inglês na Vila Madalena - 9vee,2026-06-01,200,sim,blog-posts-sitemap.xml,
https://www.9vee.com.br/post/curso-de-ingles-na-vila-mariana,/post/curso-de-ingles-na-vila-mariana,post-do-blog,Curso de Inglês na Vila Mariana,2026-03-12,200,sim,blog-posts-sitemap.xml,
https://www.9vee.com.br/post/curso-de-ingles-no-abc,/post/curso-de-ingles-no-abc,post-do-blog,Curso de Inglês no ABC - 9vee,2026-03-16,200,sim,blog-posts-sitemap.xml,
https://www.9vee.com.br/post/curso-de-ingles-no-itaim-bibi,/post/curso-de-ingles-no-itaim-bibi,post-do-blog,Curso de Inglês no Itaim Bibi - 9vee,2026-05-25,200,sim,blog-posts-sitemap.xml,
https://www.9vee.com.br/post/curso-de-ingles-no-morumbi,/post/curso-de-ingles-no-morumbi,post-do-blog,Curso de Inglês no Morumbi - 9vee,2026-03-20,200,sim,blog-posts-sitemap.xml,
https://www.9vee.com.br/post/curso-de-ingles-no-rio-de-janeiro,/post/curso-de-ingles-no-rio-de-janeiro,post-do-blog,Curso de Inglês no Rio de Janeiro - 9vee,2026-03-21,200,sim,blog-posts-sitemap.xml,
https://www.9vee.com.br/post/curso-de-ingles-no-rj,/post/curso-de-ingles-no-rj,post-do-blog,Curso de Inglês no RJ - 9vee,2026-03-21,200,sim,blog-posts-sitemap.xml,
https://www.9vee.com.br/post/curso-de-ingles-no-tatuape,/post/curso-de-ingles-no-tatuape,post-do-blog,Curso de Inglês no Tatuapé - 9vee,2026-03-20,200,sim,blog-posts-sitemap.xml,
https://www.9vee.com.br/post/curso-de-ingles-nos-jardins,/post/curso-de-ingles-nos-jardins,post-do-blog,Curso de Inglês nos Jardins - 9vee,2026-03-20,200,sim,blog-posts-sitemap.xml,
https://www.9vee.com.br/post/curso-de-ingles-para-entrevistas,/post/curso-de-ingles-para-entrevistas,post-do-blog,Curso de Inglês para Entrevistas - 9vee,2026-03-20,200,sim,blog-posts-sitemap.xml,
https://www.9vee.com.br/post/curso-de-ingles-para-teens-em-sao-paulo,/post/curso-de-ingles-para-teens-em-sao-paulo,post-do-blog,Curso de Inglês para Teens em São Paulo - 9vee,2026-03-21,200,sim,blog-posts-sitemap.xml,
https://www.9vee.com.br/post/curso-de-ingles-preco,/post/curso-de-ingles-preco,post-do-blog,Curso de Inglês Preço - 9vee,2026-03-21,200,sim,blog-posts-sitemap.xml,
https://www.9vee.com.br/post/curso-de-ingles-ribeirao-preto,/post/curso-de-ingles-ribeirao-preto,post-do-blog,Curso de Inglês Ribeirão Preto - 9vee,2026-04-09,200,sim,blog-posts-sitemap.xml,
https://www.9vee.com.br/post/curso-de-ingles-sao-jose-dos-campos,/post/curso-de-ingles-sao-jose-dos-campos,post-do-blog,Curso de Inglês São José dos Campos - 9vee,2026-04-09,200,sim,blog-posts-sitemap.xml,
https://www.9vee.com.br/post/curso-de-italiano-em-balneario-camboriu,/post/curso-de-italiano-em-balneario-camboriu,post-do-blog,Curso de Italiano em Balneário Camboriú - 9vee,2026-08-18,200,sim,blog-posts-sitemap.xml,
https://www.9vee.com.br/post/curso-de-italiano-em-belem,/post/curso-de-italiano-em-belem,post-do-blog,Curso de Italiano em Belém - 9vee,2026-07-30,200,sim,blog-posts-sitemap.xml,
https://www.9vee.com.br/post/curso-de-italiano-em-belo-horizonte,/post/curso-de-italiano-em-belo-horizonte,post-do-blog,Curso de Italiano em Belo Horizonte - 9vee,2026-04-13,200,sim,blog-posts-sitemap.xml,
https://www.9vee.com.br/post/curso-de-italiano-em-brasilia,/post/curso-de-italiano-em-brasilia,post-do-blog,Curso de Italiano em Brasília - 9vee,2026-04-05,200,sim,blog-posts-sitemap.xml,
https://www.9vee.com.br/post/curso-de-italiano-em-campinas,/post/curso-de-italiano-em-campinas,post-do-blog,Curso de Italiano em Campinas - 9vee,2026-04-09,200,sim,blog-posts-sitemap.xml,
https://www.9vee.com.br/post/curso-de-italiano-em-campo-grande,/post/curso-de-italiano-em-campo-grande,post-do-blog,Curso de Italiano em Campo Grande - 9vee,2026-04-08,200,sim,blog-posts-sitemap.xml,
https://www.9vee.com.br/post/curso-de-italiano-em-curitiba,/post/curso-de-italiano-em-curitiba,post-do-blog,Curso de Italiano em Curitiba - 9vee,2026-04-08,200,sim,blog-posts-sitemap.xml,
https://www.9vee.com.br/post/curso-de-italiano-em-florianopolis,/post/curso-de-italiano-em-florianopolis,post-do-blog,Curso de Italiano em Florianópolis - 9vee,2026-08-04,200,sim,blog-posts-sitemap.xml,
https://www.9vee.com.br/post/curso-de-italiano-em-goiania,/post/curso-de-italiano-em-goiania,post-do-blog,Curso de Italiano em Goiânia - 9vee,2026-07-26,200,sim,blog-posts-sitemap.xml,
https://www.9vee.com.br/post/curso-de-italiano-em-jundiai,/post/curso-de-italiano-em-jundiai,post-do-blog,Curso de Italiano em Jundiaí - 9vee,2026-07-29,200,sim,blog-posts-sitemap.xml,
https://www.9vee.com.br/post/curso-de-italiano-em-manaus,/post/curso-de-italiano-em-manaus,post-do-blog,Curso de Italiano em Manaus - 9vee,2026-08-02,200,sim,blog-posts-sitemap.xml,
https://www.9vee.com.br/post/curso-de-italiano-em-palmas,/post/curso-de-italiano-em-palmas,post-do-blog,Curso de Italiano em Palmas - 9vee,2026-08-04,200,sim,blog-posts-sitemap.xml,
https://www.9vee.com.br/post/curso-de-italiano-em-porto-alegre,/post/curso-de-italiano-em-porto-alegre,post-do-blog,Curso de Italiano em Porto Alegre - 9vee,2026-04-08,200,sim,blog-posts-sitemap.xml,
https://www.9vee.com.br/post/curso-de-italiano-em-recife,/post/curso-de-italiano-em-recife,post-do-blog,Curso de Italiano em Recife - 9vee,2026-08-05,200,sim,blog-posts-sitemap.xml,
https://www.9vee.com.br/post/curso-de-italiano-em-ribeirao-preto,/post/curso-de-italiano-em-ribeirao-preto,post-do-blog,Curso de Italiano em Ribeirão Preto - 9vee,2026-08-04,200,sim,blog-posts-sitemap.xml,
https://www.9vee.com.br/post/curso-de-italiano-em-salvador,/post/curso-de-italiano-em-salvador,post-do-blog,Curso de Italiano em Salvador - 9vee,2026-04-13,200,sim,blog-posts-sitemap.xml,
https://www.9vee.com.br/post/curso-de-italiano-em-sao-jose-dos-campos,/post/curso-de-italiano-em-sao-jose-dos-campos,post-do-blog,Curso de Italiano em São José dos Campos - 9vee,2026-08-15,200,sim,blog-posts-sitemap.xml,
https://www.9vee.com.br/post/curso-de-italiano-em-sao-paulo,/post/curso-de-italiano-em-sao-paulo,post-do-blog,Curso de Italiano em São Paulo - 9vee,2026-03-23,200,sim,blog-posts-sitemap.xml,
https://www.9vee.com.br/post/curso-de-italiano-em-sorocaba,/post/curso-de-italiano-em-sorocaba,post-do-blog,Curso de Italiano em Sorocaba - 9vee,2026-07-29,200,sim,blog-posts-sitemap.xml,
https://www.9vee.com.br/post/curso-de-italiano-em-teresina,/post/curso-de-italiano-em-teresina,post-do-blog,Curso de Italiano em Teresina - 9vee,2026-08-05,200,sim,blog-posts-sitemap.xml,
https://www.9vee.com.br/post/curso-de-italiano-em-uberlandia,/post/curso-de-italiano-em-uberlandia,post-do-blog,Curso de Italiano em Uberlândia - 9vee,2026-07-29,200,sim,blog-posts-sitemap.xml,
https://www.9vee.com.br/post/curso-de-linguas-em-sao-paulo,/post/curso-de-linguas-em-sao-paulo,post-do-blog,Curso de Línguas em São Paulo - 9vee,2026-03-20,200,sim,blog-posts-sitemap.xml,
https://www.9vee.com.br/post/curso-de-mandarim-no-rio-de-janeiro,/post/curso-de-mandarim-no-rio-de-janeiro,post-do-blog,Curso de Mandarim no Rio de Janeiro - 9vee,2026-04-02,200,sim,blog-posts-sitemap.xml,
https://www.9vee.com.br/post/curso-de-particular-chines-em-curitiba,/post/curso-de-particular-chines-em-curitiba,post-do-blog,Curso de Particular Chinês em Curitiba - 9vee,2026-05-05,200,sim,blog-posts-sitemap.xml,
https://www.9vee.com.br/post/curso-de-particular-chines-em-porto-alegre,/post/curso-de-particular-chines-em-porto-alegre,post-do-blog,Curso de Particular Chinês em Porto Alegre - 9vee,2026-05-06,200,sim,blog-posts-sitemap.xml,
https://www.9vee.com.br/post/curso-holandes-em-teresina,/post/curso-holandes-em-teresina,post-do-blog,Curso Holandês em Teresina - 9vee,2026-07-07,200,sim,blog-posts-sitemap.xml,
https://www.9vee.com.br/post/curso-holandes-na-faria-lima,/post/curso-holandes-na-faria-lima,post-do-blog,Curso Holandês na Faria Lima - 9vee,2026-07-04,200,sim,blog-posts-sitemap.xml,
https://www.9vee.com.br/post/curso-ingles-na-av-paulista,/post/curso-ingles-na-av-paulista,post-do-blog,Curso de Inglês na Av. Paulista,2026-03-12,200,sim,blog-posts-sitemap.xml,
https://www.9vee.com.br/post/curso-intensivo-de-ingles,/post/curso-intensivo-de-ingles,post-do-blog,Curso Intensivo de Inglês - 9vee,2026-03-21,200,sim,blog-posts-sitemap.xml,
https://www.9vee.com.br/post/curso-intensivo-de-ingles-em-sp,/post/curso-intensivo-de-ingles-em-sp,post-do-blog,Curso Intensivo de Inglês em SP - 9vee,2026-03-21,200,sim,blog-posts-sitemap.xml,
https://www.9vee.com.br/post/curso-intensivo-de-ingles-preco,/post/curso-intensivo-de-ingles-preco,post-do-blog,Curso Intensivo de Inglês Preço - 9vee,2026-03-21,200,sim,blog-posts-sitemap.xml,
https://www.9vee.com.br/post/curso-particular-de-alemao-em-sao-paulo,/post/curso-particular-de-alemao-em-sao-paulo,post-do-blog,Curso Particular de Alemão em São Paulo - 9vee,2026-03-22,200,sim,blog-posts-sitemap.xml,
https://www.9vee.com.br/post/curso-particular-de-arabe-em-sao-paulo,/post/curso-particular-de-arabe-em-sao-paulo,post-do-blog,Curso Particular de Árabe em São Paulo - 9vee,2026-04-03,200,sim,blog-posts-sitemap.xml,
https://www.9vee.com.br/post/curso-particular-de-arabe-no-rio-de-janeiro,/post/curso-particular-de-arabe-no-rio-de-janeiro,post-do-blog,Curso Particular de Árabe no Rio de Janeiro – 9vee,2026-05-22,200,sim,blog-posts-sitemap.xml,
https://www.9vee.com.br/post/curso-particular-de-chines-em-alphaville,/post/curso-particular-de-chines-em-alphaville,post-do-blog,Curso Particular de Chinês em Alphaville - 9vee,2026-05-24,200,sim,blog-posts-sitemap.xml,
https://www.9vee.com.br/post/curso-particular-de-chines-em-aracaju,/post/curso-particular-de-chines-em-aracaju,post-do-blog,Curso Particular de Chinês em Aracaju - 9vee,2026-07-24,200,sim,blog-posts-sitemap.xml,
https://www.9vee.com.br/post/curso-particular-de-chines-em-balneario-camboriu,/post/curso-particular-de-chines-em-balneario-camboriu,post-do-blog,Curso Particular de Chinês em Balneário Camboriú - 9vee,2026-08-19,200,sim,blog-posts-sitemap.xml,
https://www.9vee.com.br/post/curso-particular-de-chines-em-belo-horizonte,/post/curso-particular-de-chines-em-belo-horizonte,post-do-blog,Curso Particular de Chinês em Belo Horizonte - 9vee,2026-04-04,200,sim,blog-posts-sitemap.xml,
https://www.9vee.com.br/post/curso-particular-de-chines-em-brasilia,/post/curso-particular-de-chines-em-brasilia,post-do-blog,Curso Particular de Chinês em Brasília - 9vee,2026-05-09,200,sim,blog-posts-sitemap.xml,
https://www.9vee.com.br/post/curso-particular-de-chines-em-campinas,/post/curso-particular-de-chines-em-campinas,post-do-blog,Curso Particular de Chinês em Campinas - 9vee,2026-04-14,200,sim,blog-posts-sitemap.xml,
https://www.9vee.com.br/post/curso-particular-de-chines-em-campo-grande,/post/curso-particular-de-chines-em-campo-grande,post-do-blog,Curso Particular de Chinês em Campo Grande - 9vee,2026-05-17,200,sim,blog-posts-sitemap.xml,
https://www.9vee.com.br/post/curso-particular-de-chines-em-goiania,/post/curso-particular-de-chines-em-goiania,post-do-blog,Curso Particular de Chinês em Goiânia - 9vee,2026-05-11,200,sim,blog-posts-sitemap.xml,
https://www.9vee.com.br/post/curso-particular-de-chines-em-joao-pessoa,/post/curso-particular-de-chines-em-joao-pessoa,post-do-blog,Curso Particular de Chinês em João Pessoa - 9vee,2026-07-24,200,sim,blog-posts-sitemap.xml,
https://www.9vee.com.br/post/curso-particular-de-chines-em-joinville,/post/curso-particular-de-chines-em-joinville,post-do-blog,Curso Particular de Chinês em Joinville - 9vee,2026-06-07,200,sim,blog-posts-sitemap.xml,
https://www.9vee.com.br/post/curso-particular-de-chines-em-jundiai,/post/curso-particular-de-chines-em-jundiai,post-do-blog,Curso Particular de Chinês em Jundiaí - 9vee,2026-04-14,200,sim,blog-posts-sitemap.xml,
https://www.9vee.com.br/post/curso-particular-de-chines-em-londrina,/post/curso-particular-de-chines-em-londrina,post-do-blog,Curso Particular de Chinês em Londrina - 9vee,2026-05-18,200,sim,blog-posts-sitemap.xml,
https://www.9vee.com.br/post/curso-particular-de-chines-em-niteroi,/post/curso-particular-de-chines-em-niteroi,post-do-blog,Curso Particular de Chinês em Niterói - 9vee,2026-05-20,200,sim,blog-posts-sitemap.xml,
https://www.9vee.com.br/post/curso-particular-de-chines-em-palmas,/post/curso-particular-de-chines-em-palmas,post-do-blog,Curso Particular de Chinês em Palmas - 9vee,2026-07-23,200,sim,blog-posts-sitemap.xml,
https://www.9vee.com.br/post/curso-particular-de-chines-em-ribeirao-preto,/post/curso-particular-de-chines-em-ribeirao-preto,post-do-blog,Curso Particular de Chinês em Ribeirão Preto - 9vee,2026-05-29,200,sim,blog-posts-sitemap.xml,
https://www.9vee.com.br/post/curso-particular-de-chines-em-salvador,/post/curso-particular-de-chines-em-salvador,post-do-blog,Curso Particular de Chinês em Salvador - 9vee,2026-04-14,200,sim,blog-posts-sitemap.xml,
https://www.9vee.com.br/post/curso-particular-de-chines-em-santo-andre,/post/curso-particular-de-chines-em-santo-andre,post-do-blog,Curso Particular de Chinês em Santo André - 9vee,2026-05-20,200,sim,blog-posts-sitemap.xml,
https://www.9vee.com.br/post/curso-particular-de-chines-em-sao-jose-dos-campos,/post/curso-particular-de-chines-em-sao-jose-dos-campos,post-do-blog,Curso de Particular Chinês em São José dos Campos - 9vee,2026-04-14,200,sim,blog-posts-sitemap.xml,
https://www.9vee.com.br/post/curso-particular-de-chines-em-sao-luis,/post/curso-particular-de-chines-em-sao-luis,post-do-blog,Curso Particular de Chinês em São Luís - 9vee,2026-05-22,200,sim,blog-posts-sitemap.xml,
https://www.9vee.com.br/post/curso-particular-de-chines-em-sao-paulo,/post/curso-particular-de-chines-em-sao-paulo,post-do-blog,Curso Particular de Chinês em São Paulo - 9vee,2026-03-23,200,sim,blog-posts-sitemap.xml,
https://www.9vee.com.br/post/curso-particular-de-chines-em-sorocaba,/post/curso-particular-de-chines-em-sorocaba,post-do-blog,Curso Particular de Chinês em Sorocaba - 9vee,2026-05-18,200,sim,blog-posts-sitemap.xml,
https://www.9vee.com.br/post/curso-particular-de-chines-em-teresina,/post/curso-particular-de-chines-em-teresina,post-do-blog,Curso Particular de Chinês em Teresina - 9vee,2026-07-25,200,sim,blog-posts-sitemap.xml,
https://www.9vee.com.br/post/curso-particular-de-chines-em-vitoria,/post/curso-particular-de-chines-em-vitoria,post-do-blog,Curso Particular de Chinês em Vitória - 9vee,2026-05-12,200,sim,blog-posts-sitemap.xml,
https://www.9vee.com.br/post/curso-particular-de-chines-na-av-paulista,/post/curso-particular-de-chines-na-av-paulista,post-do-blog,Curso Particular de Chinês na Av. Paulista - 9vee,2026-05-25,200,sim,blog-posts-sitemap.xml,
https://www.9vee.com.br/post/curso-particular-de-chines-na-faria-lima,/post/curso-particular-de-chines-na-faria-lima,post-do-blog,Curso Particular de Chinês na Faria Lima - 9vee,2026-05-23,200,sim,blog-posts-sitemap.xml,
https://www.9vee.com.br/post/curso-particular-de-chines-na-vila-madalena,/post/curso-particular-de-chines-na-vila-madalena,post-do-blog,Curso Particular de Chinês na Vila Madalena – 9vee,2026-07-11,200,sim,blog-posts-sitemap.xml,
https://www.9vee.com.br/post/curso-particular-de-chines-na-vila-mariana,/post/curso-particular-de-chines-na-vila-mariana,post-do-blog,Curso Particular de Chinês na Vila Mariana - 9vee,2026-05-25,200,sim,blog-posts-sitemap.xml,
https://www.9vee.com.br/post/curso-particular-de-chines-na-vila-olimpia,/post/curso-particular-de-chines-na-vila-olimpia,post-do-blog,Curso Particular de Chinês na Vila Olímpia - 9vee,2026-05-26,200,sim,blog-posts-sitemap.xml,
https://www.9vee.com.br/post/curso-particular-de-chines-no-itaim-bibi,/post/curso-particular-de-chines-no-itaim-bibi,post-do-blog,Curso Particular de Chinês no Itaim Bibi - 9vee,2026-05-25,200,sim,blog-posts-sitemap.xml,
https://www.9vee.com.br/post/curso-particular-de-chines-no-rio-de-janeiro,/post/curso-particular-de-chines-no-rio-de-janeiro,post-do-blog,Curso Particular de Chinês no Rio de Janeiro - 9vee,2026-04-04,200,sim,blog-posts-sitemap.xml,
https://www.9vee.com.br/post/curso-particular-de-chines-nos-jardins,/post/curso-particular-de-chines-nos-jardins,post-do-blog,Curso Particular de Chinês nos Jardins - 9vee,2026-06-07,200,sim,blog-posts-sitemap.xml,
https://www.9vee.com.br/post/curso-particular-de-espanhol-em-sao-paulo,/post/curso-particular-de-espanhol-em-sao-paulo,post-do-blog,Curso Particular de Espanhol em São Paulo - 9vee,2026-03-22,200,sim,blog-posts-sitemap.xml,
https://www.9vee.com.br/post/curso-particular-de-frances-em-sao-paulo,/post/curso-particular-de-frances-em-sao-paulo,post-do-blog,Curso Particular de Francês em São Paulo - 9vee,2026-03-22,200,sim,blog-posts-sitemap.xml,
https://www.9vee.com.br/post/curso-particular-de-japones-em-balneario-camboriu,/post/curso-particular-de-japones-em-balneario-camboriu,post-do-blog,Curso Particular de Japonês em Balneário Camboriú - 9vee,2026-08-18,200,sim,blog-posts-sitemap.xml,
https://www.9vee.com.br/post/curso-particular-de-japones-em-belem,/post/curso-particular-de-japones-em-belem,post-do-blog,Curso Particular de Japonês em Belém - 9vee,2026-08-01,200,sim,blog-posts-sitemap.xml,
https://www.9vee.com.br/post/curso-particular-de-japones-em-belo-horizonte,/post/curso-particular-de-japones-em-belo-horizonte,post-do-blog,Curso Particular de Japonês em Belo Horizonte - 9vee,2026-07-31,200,sim,blog-posts-sitemap.xml,
https://www.9vee.com.br/post/curso-particular-de-japones-em-brasilia,/post/curso-particular-de-japones-em-brasilia,post-do-blog,Curso Particular de Japonês em Brasília - 9vee,2026-07-30,200,sim,blog-posts-sitemap.xml,
https://www.9vee.com.br/post/curso-particular-de-japones-em-campinas,/post/curso-particular-de-japones-em-campinas,post-do-blog,Curso Particular de Japonês em Campinas - 9vee,2026-07-25,200,sim,blog-posts-sitemap.xml,
https://www.9vee.com.br/post/curso-particular-de-japones-em-campo-grande,/post/curso-particular-de-japones-em-campo-grande,post-do-blog,Curso Particular de Japonês em Campo Grande - 9vee,2026-08-01,200,sim,blog-posts-sitemap.xml,
https://www.9vee.com.br/post/curso-particular-de-japones-em-curitiba,/post/curso-particular-de-japones-em-curitiba,post-do-blog,Curso Particular de Japonês em Curitiba - 9vee,2026-07-28,200,sim,blog-posts-sitemap.xml,
https://www.9vee.com.br/post/curso-particular-de-japones-em-florianopolis,/post/curso-particular-de-japones-em-florianopolis,post-do-blog,Curso Particular de Japonês em Florianópolis - 9vee,2026-07-31,200,sim,blog-posts-sitemap.xml,
https://www.9vee.com.br/post/curso-particular-de-japones-em-goiania,/post/curso-particular-de-japones-em-goiania,post-do-blog,Curso Particular de Japonês em Goiânia - 9vee,2026-07-31,200,sim,blog-posts-sitemap.xml,
https://www.9vee.com.br/post/curso-particular-de-japones-em-joinville,/post/curso-particular-de-japones-em-joinville,post-do-blog,Curso Particular de Japonês em Joinville - 9vee,2026-08-17,200,sim,blog-posts-sitemap.xml,
https://www.9vee.com.br/post/curso-particular-de-japones-em-manaus,/post/curso-particular-de-japones-em-manaus,post-do-blog,Curso Particular de Japonês em Manaus - 9vee,2026-08-01,200,sim,blog-posts-sitemap.xml,
https://www.9vee.com.br/post/curso-particular-de-japones-em-porto-alegre,/post/curso-particular-de-japones-em-porto-alegre,post-do-blog,Curso Particular de Japonês em Porto Alegre - 9vee,2026-07-31,200,sim,blog-posts-sitemap.xml,
https://www.9vee.com.br/post/curso-particular-de-japones-em-recife,/post/curso-particular-de-japones-em-recife,post-do-blog,Curso Particular de Japonês em Recife - 9vee,2026-07-31,200,sim,blog-posts-sitemap.xml,
https://www.9vee.com.br/post/curso-particular-de-japones-em-ribeirao-preto,/post/curso-particular-de-japones-em-ribeirao-preto,post-do-blog,Curso Particular de Japonês em Ribeirão Preto - 9vee,2026-07-31,200,sim,blog-posts-sitemap.xml,
https://www.9vee.com.br/post/curso-particular-de-japones-em-sao-jose-dos-campos,/post/curso-particular-de-japones-em-sao-jose-dos-campos,post-do-blog,Curso Particular de Japonês em São José dos Campos - 9vee,2026-08-17,200,sim,blog-posts-sitemap.xml,
https://www.9vee.com.br/post/curso-particular-de-japones-em-sao-paulo,/post/curso-particular-de-japones-em-sao-paulo,post-do-blog,Curso Particular de Japonês em São Paulo - 9vee,2026-07-25,200,sim,blog-posts-sitemap.xml,
https://www.9vee.com.br/post/curso-particular-de-japones-em-sorocaba,/post/curso-particular-de-japones-em-sorocaba,post-do-blog,Curso Particular de Japonês em Sorocaba - 9vee,2026-07-31,200,sim,blog-posts-sitemap.xml,
https://www.9vee.com.br/post/curso-particular-de-japones-em-teresina,/post/curso-particular-de-japones-em-teresina,post-do-blog,Curso Particular de Japonês em Teresina - 9vee,2026-08-01,200,sim,blog-posts-sitemap.xml,
https://www.9vee.com.br/post/curso-particular-de-linguas-em-sao-paulo,/post/curso-particular-de-linguas-em-sao-paulo,post-do-blog,Curso Particular de Línguas em São Paulo - 9vee,2026-03-19,200,sim,blog-posts-sitemap.xml,
https://www.9vee.com.br/post/curso-particular-de-mandarim-em-sao-paulo,/post/curso-particular-de-mandarim-em-sao-paulo,post-do-blog,Curso Particular de Mandarim em São Paulo - 9vee,2026-03-23,200,sim,blog-posts-sitemap.xml,
https://www.9vee.com.br/post/curso-particular-de-noruegues-em-balneario-camboriu,/post/curso-particular-de-noruegues-em-balneario-camboriu,post-do-blog,Curso Particular de Norueguês em Balneário Camboriú - 9vee,2026-08-19,200,sim,blog-posts-sitemap.xml,
https://www.9vee.com.br/post/curso-particular-de-noruegues-em-belo-horizonte,/post/curso-particular-de-noruegues-em-belo-horizonte,post-do-blog,Curso Particular de Norueguês em Belo Horizonte - 9vee,2026-04-14,200,sim,blog-posts-sitemap.xml,
https://www.9vee.com.br/post/curso-particular-de-noruegues-em-brasilia,/post/curso-particular-de-noruegues-em-brasilia,post-do-blog,Curso Particular de Norueguês em Brasília - 9vee,2026-06-19,200,sim,blog-posts-sitemap.xml,
https://www.9vee.com.br/post/curso-particular-de-noruegues-em-campinas,/post/curso-particular-de-noruegues-em-campinas,post-do-blog,Curso Particular de Norueguês em Campinas - 9vee,2026-06-19,200,sim,blog-posts-sitemap.xml,
https://www.9vee.com.br/post/curso-particular-de-noruegues-em-curitiba,/post/curso-particular-de-noruegues-em-curitiba,post-do-blog,Curso Particular de Norueguês em Curitiba - 9vee,2026-06-18,200,sim,blog-posts-sitemap.xml,
https://www.9vee.com.br/post/curso-particular-de-noruegues-em-florianopolis,/post/curso-particular-de-noruegues-em-florianopolis,post-do-blog,Curso Particular de Norueguês em Florianópolis - 9vee,2026-06-18,200,sim,blog-posts-sitemap.xml,
https://www.9vee.com.br/post/curso-particular-de-noruegues-em-jundiai,/post/curso-particular-de-noruegues-em-jundiai,post-do-blog,Curso Particular de Norueguês em Jundiaí - 9vee,2026-06-20,200,sim,blog-posts-sitemap.xml,
https://www.9vee.com.br/post/curso-particular-de-noruegues-em-ribeirao-preto,/post/curso-particular-de-noruegues-em-ribeirao-preto,post-do-blog,Curso Particular de Norueguês em Ribeirão Preto - 9vee,2026-06-20,200,sim,blog-posts-sitemap.xml,
https://www.9vee.com.br/post/curso-particular-de-noruegues-em-salvador,/post/curso-particular-de-noruegues-em-salvador,post-do-blog,Curso Particular de Norueguês em Salvador - 9vee,2026-07-24,200,sim,blog-posts-sitemap.xml,
https://www.9vee.com.br/post/curso-particular-de-noruegues-em-sao-paulo,/post/curso-particular-de-noruegues-em-sao-paulo,post-do-blog,Curso Particular de Norueguês em São Paulo - 9vee,2026-03-23,200,sim,blog-posts-sitemap.xml,
https://www.9vee.com.br/post/curso-particular-de-noruegues-em-sorocaba,/post/curso-particular-de-noruegues-em-sorocaba,post-do-blog,Curso Particular de Norueguês em Sorocaba – 9vee,2026-07-12,200,sim,blog-posts-sitemap.xml,
https://www.9vee.com.br/post/curso-particular-de-noruegues-no-rio-de-janeiro,/post/curso-particular-de-noruegues-no-rio-de-janeiro,post-do-blog,Curso Particular de Norueguês no Rio de Janeiro - 9vee,2026-06-17,200,sim,blog-posts-sitemap.xml,
https://www.9vee.com.br/post/curso-particular-de-portugues-para-estrangeiros-em-sao-paulo,/post/curso-particular-de-portugues-para-estrangeiros-em-sao-paulo,post-do-blog,Curso Particular de Português para Estrangeiros em São Paulo - 9vee,2026-03-23,200,sim,blog-posts-sitemap.xml,
https://www.9vee.com.br/post/curso-particular-de-russo-em-sao-paulo,/post/curso-particular-de-russo-em-sao-paulo,post-do-blog,Curso Particular de Russo em São Paulo - 9vee,2026-03-23,200,sim,blog-posts-sitemap.xml,
https://www.9vee.com.br/post/curso-particular-de-sueco-em-balneario-camboriu,/post/curso-particular-de-sueco-em-balneario-camboriu,post-do-blog,Curso Particular de Sueco em Balneário Camboriú - 9vee,2026-08-18,200,sim,blog-posts-sitemap.xml,
https://www.9vee.com.br/post/curso-particular-de-sueco-em-belo-horizonte,/post/curso-particular-de-sueco-em-belo-horizonte,post-do-blog,Curso Particular de Sueco em Belo Horizonte - 9vee,2026-06-18,200,sim,blog-posts-sitemap.xml,
https://www.9vee.com.br/post/curso-particular-de-sueco-em-brasilia,/post/curso-particular-de-sueco-em-brasilia,post-do-blog,Curso Particular de Sueco em Brasília - 9vee,2026-07-25,200,sim,blog-posts-sitemap.xml,
https://www.9vee.com.br/post/curso-particular-de-sueco-em-campinas,/post/curso-particular-de-sueco-em-campinas,post-do-blog,Curso Particular de Sueco em Campinas - 9vee,2026-07-11,200,sim,blog-posts-sitemap.xml,
https://www.9vee.com.br/post/curso-particular-de-sueco-em-curitiba,/post/curso-particular-de-sueco-em-curitiba,post-do-blog,Curso Particular de Sueco em Curitiba - 9vee,2026-06-18,200,sim,blog-posts-sitemap.xml,
https://www.9vee.com.br/post/curso-particular-de-sueco-em-florianopolis,/post/curso-particular-de-sueco-em-florianopolis,post-do-blog,Curso Particular de Sueco em Florianópolis - 9vee,2026-06-18,200,sim,blog-posts-sitemap.xml,
https://www.9vee.com.br/post/curso-particular-de-sueco-em-goiania,/post/curso-particular-de-sueco-em-goiania,post-do-blog,Curso Particular de Sueco em Goiânia - 9vee,2026-07-27,200,sim,blog-posts-sitemap.xml,
https://www.9vee.com.br/post/curso-particular-de-sueco-em-ribeirao-preto,/post/curso-particular-de-sueco-em-ribeirao-preto,post-do-blog,Curso Particular de Sueco em Ribeirão Preto - 9vee,2026-07-28,200,sim,blog-posts-sitemap.xml,
https://www.9vee.com.br/post/curso-particular-de-sueco-em-salvador,/post/curso-particular-de-sueco-em-salvador,post-do-blog,Curso Particular de Sueco em Salvador - 9vee,2026-07-24,200,sim,blog-posts-sitemap.xml,
https://www.9vee.com.br/post/curso-particular-de-sueco-em-sao-paulo,/post/curso-particular-de-sueco-em-sao-paulo,post-do-blog,Curso Particular de Sueco em São Paulo - 9vee,2026-03-23,200,sim,blog-posts-sitemap.xml,
https://www.9vee.com.br/post/curso-particular-de-sueco-em-sorocaba,/post/curso-particular-de-sueco-em-sorocaba,post-do-blog,Curso Particular de Sueco em Sorocaba - 9vee,2026-07-13,200,sim,blog-posts-sitemap.xml,
https://www.9vee.com.br/post/curso-particular-de-sueco-no-rio-de-janeiro,/post/curso-particular-de-sueco-no-rio-de-janeiro,post-do-blog,Curso Particular de Sueco no Rio de Janeiro - 9vee,2026-06-18,200,sim,blog-posts-sitemap.xml,
https://www.9vee.com.br/post/curso-preparatorio-inburgering-em-aracaju,/post/curso-preparatorio-inburgering-em-aracaju,post-do-blog,Curso Preparatório para o Inburgering em Aracaju - 9vee,2026-08-28,200,sim,blog-posts-sitemap.xml,
https://www.9vee.com.br/post/curso-preparatorio-inburgering-em-belem,/post/curso-preparatorio-inburgering-em-belem,post-do-blog,Curso Preparatório para o Inburgering em Belém - 9vee,2026-08-26,200,sim,blog-posts-sitemap.xml,
https://www.9vee.com.br/post/curso-preparatorio-inburgering-em-boa-vista,/post/curso-preparatorio-inburgering-em-boa-vista,post-do-blog,Curso Preparatório para o Inburgering em Boa Vista - 9vee,2026-09-01,200,sim,blog-posts-sitemap.xml,
https://www.9vee.com.br/post/curso-preparatorio-inburgering-em-brasilia,/post/curso-preparatorio-inburgering-em-brasilia,post-do-blog,Curso Preparatório para o Inburgering em Brasília - 9vee,2026-08-21,200,sim,blog-posts-sitemap.xml,
https://www.9vee.com.br/post/curso-preparatorio-inburgering-em-campinas,/post/curso-preparatorio-inburgering-em-campinas,post-do-blog,Curso Preparatório para o Inburgering em Campinas - 9vee,2026-08-21,200,sim,blog-posts-sitemap.xml,
https://www.9vee.com.br/post/curso-preparatorio-inburgering-em-campo-grande,/post/curso-preparatorio-inburgering-em-campo-grande,post-do-blog,Curso Preparatório para o Inburgering em Campo Grande - 9vee,2026-08-25,200,sim,blog-posts-sitemap.xml,
https://www.9vee.com.br/post/curso-preparatorio-inburgering-em-cuiaba,/post/curso-preparatorio-inburgering-em-cuiaba,post-do-blog,Curso Preparatório para o Inburgering em Cuiabá - 9vee,2026-08-28,200,sim,blog-posts-sitemap.xml,
https://www.9vee.com.br/post/curso-preparatorio-inburgering-em-curitiba,/post/curso-preparatorio-inburgering-em-curitiba,post-do-blog,Curso Preparatório para o Inburgering em Curitiba - 9vee,2026-08-21,200,sim,blog-posts-sitemap.xml,
https://www.9vee.com.br/post/curso-preparatorio-inburgering-em-florianopolis,/post/curso-preparatorio-inburgering-em-florianopolis,post-do-blog,Curso Preparatório para o Inburgering em Florianópolis - 9vee,2026-08-22,200,sim,blog-posts-sitemap.xml,
https://www.9vee.com.br/post/curso-preparatorio-inburgering-em-fortaleza,/post/curso-preparatorio-inburgering-em-fortaleza,post-do-blog,Curso Preparatório para o Inburgering em Fortaleza - 9vee,2026-08-27,200,sim,blog-posts-sitemap.xml,
https://www.9vee.com.br/post/curso-preparatorio-inburgering-em-goiania,/post/curso-preparatorio-inburgering-em-goiania,post-do-blog,Curso Preparatório para o Inburgering em Goiânia - 9vee,2026-08-24,200,sim,blog-posts-sitemap.xml,
https://www.9vee.com.br/post/curso-preparatorio-inburgering-em-joao-pessoa,/post/curso-preparatorio-inburgering-em-joao-pessoa,post-do-blog,Curso Preparatório para o Inburgering em João Pessoa - 9vee,2026-08-28,200,sim,blog-posts-sitemap.xml,
https://www.9vee.com.br/post/curso-preparatorio-inburgering-em-jundiai,/post/curso-preparatorio-inburgering-em-jundiai,post-do-blog,Curso Preparatório para o Inburgering em Jundiaí - 9vee,2026-09-05,200,sim,blog-posts-sitemap.xml,
https://www.9vee.com.br/post/curso-preparatorio-inburgering-em-macapa,/post/curso-preparatorio-inburgering-em-macapa,post-do-blog,Curso Preparatório para o Inburgering em Macapá - 9vee,2026-08-31,200,sim,blog-posts-sitemap.xml,
https://www.9vee.com.br/post/curso-preparatorio-inburgering-em-maceio,/post/curso-preparatorio-inburgering-em-maceio,post-do-blog,Curso Preparatório para o Inburgering em Maceió - 9vee,2026-08-25,200,sim,blog-posts-sitemap.xml,
https://www.9vee.com.br/post/curso-preparatorio-inburgering-em-manaus,/post/curso-preparatorio-inburgering-em-manaus,post-do-blog,Curso Preparatório para o Inburgering em Manaus - 9vee,2026-08-27,200,sim,blog-posts-sitemap.xml,
https://www.9vee.com.br/post/curso-preparatorio-inburgering-em-natal,/post/curso-preparatorio-inburgering-em-natal,post-do-blog,Curso Preparatório para o Inburgering em Natal - 9vee,2026-08-26,200,sim,blog-posts-sitemap.xml,
https://www.9vee.com.br/post/curso-preparatorio-inburgering-em-palmas,/post/curso-preparatorio-inburgering-em-palmas,post-do-blog,Curso Preparatório para o Inburgering em Palmas - 9vee,2026-08-25,200,sim,blog-posts-sitemap.xml,
https://www.9vee.com.br/post/curso-preparatorio-inburgering-em-porto-alegre,/post/curso-preparatorio-inburgering-em-porto-alegre,post-do-blog,Curso Preparatório para o Inburgering em Porto Alegre - 9vee,2026-08-24,200,sim,blog-posts-sitemap.xml,
https://www.9vee.com.br/post/curso-preparatorio-inburgering-em-porto-velho,/post/curso-preparatorio-inburgering-em-porto-velho,post-do-blog,Curso Preparatório para o Inburgering em Porto Velho - 9vee,2026-08-30,200,sim,blog-posts-sitemap.xml,
https://www.9vee.com.br/post/curso-preparatorio-inburgering-em-recife,/post/curso-preparatorio-inburgering-em-recife,post-do-blog,Curso Preparatório para o Inburgering em Recife - 9vee,2026-08-26,200,sim,blog-posts-sitemap.xml,
https://www.9vee.com.br/post/curso-preparatorio-inburgering-em-ribeirao-preto,/post/curso-preparatorio-inburgering-em-ribeirao-preto,post-do-blog,Curso Preparatório para o Inburgering em Ribeirão Preto - 9vee,2026-09-03,200,sim,blog-posts-sitemap.xml,
https://www.9vee.com.br/post/curso-preparatorio-inburgering-em-rio-branco,/post/curso-preparatorio-inburgering-em-rio-branco,post-do-blog,Curso Preparatório para o Inburgering em Rio Branco - 9vee,2026-08-31,200,sim,blog-posts-sitemap.xml,
https://www.9vee.com.br/post/curso-preparatorio-inburgering-em-sao-luis,/post/curso-preparatorio-inburgering-em-sao-luis,post-do-blog,Curso Preparatório para o Inburgering em São Luís - 9vee,2026-08-25,200,sim,blog-posts-sitemap.xml,
https://www.9vee.com.br/post/curso-preparatorio-inburgering-em-sao-paulo,/post/curso-preparatorio-inburgering-em-sao-paulo,post-do-blog,Curso Preparatório para o Inburgering em São Paulo - 9vee,2026-08-19,200,sim,blog-posts-sitemap.xml,
https://www.9vee.com.br/post/curso-preparatorio-inburgering-em-teresina,/post/curso-preparatorio-inburgering-em-teresina,post-do-blog,Curso Preparatório para o Inburgering em Teresina - 9vee,2026-08-29,200,sim,blog-posts-sitemap.xml,
https://www.9vee.com.br/post/curso-preparatorio-inburgering-em-vitoria,/post/curso-preparatorio-inburgering-em-vitoria,post-do-blog,Curso Preparatório para o Inburgering em Vitória - 9vee,2026-08-24,200,sim,blog-posts-sitemap.xml,
https://www.9vee.com.br/post/curso-preparatorio-para-o-inburgering,/post/curso-preparatorio-para-o-inburgering,post-do-blog,Curso Preparatório para o Inburgering - 9vee,2026-04-09,200,sim,blog-posts-sitemap.xml,
https://www.9vee.com.br/post/curso-preparatorio-para-toefl,/post/curso-preparatorio-para-toefl,post-do-blog,Curso Preparatório Para Toefl - 9vee,2026-03-23,200,sim,blog-posts-sitemap.xml,
https://www.9vee.com.br/post/curso-preparatorio-para-toefl-em-sao-paulo,/post/curso-preparatorio-para-toefl-em-sao-paulo,post-do-blog,Curso Preparatório Para Toefl em São Paulo - 9vee,2026-04-09,200,sim,blog-posts-sitemap.xml,
https://www.9vee.com.br/post/escola-de-ingles-com-professor-nativo-em-sao-paulo,/post/escola-de-ingles-com-professor-nativo-em-sao-paulo,post-do-blog,Escola de Inglês com Professor Nativo em São Paulo - 9vee,2026-03-22,200,sim,blog-posts-sitemap.xml,
https://www.9vee.com.br/post/fale-ingles-fluente,/post/fale-ingles-fluente,post-do-blog,Fale Inglês Fluente - 9vee,2026-03-19,200,sim,blog-posts-sitemap.xml,
https://www.9vee.com.br/post/interpretacao-simultanea-presencial-ou-on-line-no-rio-de-janeiro,/post/interpretacao-simultanea-presencial-ou-on-line-no-rio-de-janeiro,post-do-blog,Interpretação Simultânea Presencial ou On-line no Rio de Janeiro - 9vee,2026-03-13,200,sim,blog-posts-sitemap.xml,
https://www.9vee.com.br/post/lms-learning-management-system,/post/lms-learning-management-system,post-do-blog,LMS - Learning Management System - 9vee,2026-03-31,200,sim,blog-posts-sitemap.xml,
https://www.9vee.com.br/post/lms-learning-management-system-em-aracaju,/post/lms-learning-management-system-em-aracaju,post-do-blog,LMS - Learning Management System em Aracaju - 9vee,2026-04-07,200,sim,blog-posts-sitemap.xml,
https://www.9vee.com.br/post/lms-learning-management-system-em-belo-horizonte,/post/lms-learning-management-system-em-belo-horizonte,post-do-blog,LMS - Learning Management System em Belo Horizonte - 9vee,2026-04-06,200,sim,blog-posts-sitemap.xml,
https://www.9vee.com.br/post/lms-learning-management-system-em-brasilia,/post/lms-learning-management-system-em-brasilia,post-do-blog,LMS - Learning Management System em Brasília - 9vee,2026-04-06,200,sim,blog-posts-sitemap.xml,
https://www.9vee.com.br/post/lms-learning-management-system-em-campinas,/post/lms-learning-management-system-em-campinas,post-do-blog,LMS - Learning Management System em Campinas - 9vee,2026-04-09,200,sim,blog-posts-sitemap.xml,
https://www.9vee.com.br/post/lms-learning-management-system-em-curitiba,/post/lms-learning-management-system-em-curitiba,post-do-blog,LMS - Learning Management System em Curitiba - 9vee,2026-04-07,200,sim,blog-posts-sitemap.xml,
https://www.9vee.com.br/post/lms-learning-management-system-em-florianopolis,/post/lms-learning-management-system-em-florianopolis,post-do-blog,LMS - Learning Management System em Florianópolis - 9vee,2026-04-06,200,sim,blog-posts-sitemap.xml,
https://www.9vee.com.br/post/lms-learning-management-system-em-porto-alegre,/post/lms-learning-management-system-em-porto-alegre,post-do-blog,LMS - Learning Management System em Porto Alegre - 9vee,2026-04-07,200,sim,blog-posts-sitemap.xml,
https://www.9vee.com.br/post/lms-learning-management-system-em-salvador,/post/lms-learning-management-system-em-salvador,post-do-blog,LMS - Learning Management System em Salvador - 9vee,2026-05-13,200,sim,blog-posts-sitemap.xml,
https://www.9vee.com.br/post/lms-learning-management-system-em-sao-paulo,/post/lms-learning-management-system-em-sao-paulo,post-do-blog,LMS - Learning Management System em São Paulo - 9vee,2026-03-31,200,sim,blog-posts-sitemap.xml,
https://www.9vee.com.br/post/melhor-curso-de-idiomas-do-brasil,/post/melhor-curso-de-idiomas-do-brasil,post-do-blog,Melhor Curso de Idiomas do Brasil - 9vee,2026-03-20,200,sim,blog-posts-sitemap.xml,
https://www.9vee.com.br/post/melhor-escola-de-idiomas-em-sao-paulo,/post/melhor-escola-de-idiomas-em-sao-paulo,post-do-blog,Melhor Escola de Idiomas em São Paulo - 9vee,2026-03-20,200,sim,blog-posts-sitemap.xml,
https://www.9vee.com.br/post/melhor-escola-de-idiomas-no-rio-de-janeiro,/post/melhor-escola-de-idiomas-no-rio-de-janeiro,post-do-blog,Melhor Escola de Idiomas no Rio de Janeiro - 9vee,2026-04-03,200,sim,blog-posts-sitemap.xml,
https://www.9vee.com.br/post/professor-particular-e-aula-individual-de-ingles,/post/professor-particular-e-aula-individual-de-ingles,post-do-blog,Professor Particular e Aula Individual de Inglês - 9vee,2026-03-19,200,sim,blog-posts-sitemap.xml,
https://www.9vee.com.br/post/professores-nativos,/post/professores-nativos,post-do-blog,Professores Nativos - 9vee,2026-03-19,200,sim,blog-posts-sitemap.xml,
https://www.9vee.com.br/post/servico-de-interpretacao-simultanea-para-conferencias-em-brasilia,/post/servico-de-interpretacao-simultanea-para-conferencias-em-brasilia,post-do-blog,Serviço de Interpretação Simultânea Para Conferências em Brasília - 9vee,2026-04-07,200,sim,blog-posts-sitemap.xml,
https://www.9vee.com.br/post/servico-de-interpretacao-simultanea-para-conferencias-em-campinas,/post/servico-de-interpretacao-simultanea-para-conferencias-em-campinas,post-do-blog,Serviço de Interpretação Simultânea Para Conferências em Campinas - 9vee,2026-07-27,200,sim,blog-posts-sitemap.xml,
https://www.9vee.com.br/post/servico-de-interpretacao-simultanea-para-conferencias-em-campo-grande,/post/servico-de-interpretacao-simultanea-para-conferencias-em-campo-grande,post-do-blog,Serviço de Interpretação Simultânea Para Conferências em Campo Grande - 9vee,2026-07-20,200,sim,blog-posts-sitemap.xml,
https://www.9vee.com.br/post/servico-de-interpretacao-simultanea-para-conferencias-em-curitiba,/post/servico-de-interpretacao-simultanea-para-conferencias-em-curitiba,post-do-blog,Serviço de Interpretação Simultânea Para Conferências em Curitiba - 9vee,2026-04-13,200,sim,blog-posts-sitemap.xml,
https://www.9vee.com.br/post/servico-de-interpretacao-simultanea-para-conferencias-em-florianopolis,/post/servico-de-interpretacao-simultanea-para-conferencias-em-florianopolis,post-do-blog,Serviço de Interpretação Simultânea Para Conferências em Florianópolis - 9vee,2026-08-10,200,sim,blog-posts-sitemap.xml,
https://www.9vee.com.br/post/servico-de-interpretacao-simultanea-para-conferencias-em-goiania,/post/servico-de-interpretacao-simultanea-para-conferencias-em-goiania,post-do-blog,Serviço de Interpretação Simultânea Para Conferências em Goiânia - 9vee,2026-07-20,200,sim,blog-posts-sitemap.xml,
https://www.9vee.com.br/post/servico-de-interpretacao-simultanea-para-conferencias-em-jundiai,/post/servico-de-interpretacao-simultanea-para-conferencias-em-jundiai,post-do-blog,Serviço de Interpretação Simultânea Para Conferências em Jundiaí - 9vee,2026-07-28,200,sim,blog-posts-sitemap.xml,
https://www.9vee.com.br/post/servico-de-interpretacao-simultanea-para-conferencias-em-natal,/post/servico-de-interpretacao-simultanea-para-conferencias-em-natal,post-do-blog,Serviço de Interpretação Simultânea Para Conferências em Natal - 9vee,2026-07-22,200,sim,blog-posts-sitemap.xml,
https://www.9vee.com.br/post/servico-de-interpretacao-simultanea-para-conferencias-em-palmas,/post/servico-de-interpretacao-simultanea-para-conferencias-em-palmas,post-do-blog,Serviço de Interpretação Simultânea Para Conferências em Palmas - 9vee,2026-08-21,200,sim,blog-posts-sitemap.xml,
https://www.9vee.com.br/post/servico-de-interpretacao-simultanea-para-conferencias-em-porto-alegre,/post/servico-de-interpretacao-simultanea-para-conferencias-em-porto-alegre,post-do-blog,Serviço de Interpretação Simultânea Para Conferências em Porto Alegre - 9vee,2026-07-20,200,sim,blog-posts-sitemap.xml,
https://www.9vee.com.br/post/servico-de-interpretacao-simultanea-para-conferencias-em-porto-velho,/post/servico-de-interpretacao-simultanea-para-conferencias-em-porto-velho,post-do-blog,Serviço de Interpretação Simultânea Para Conferências em Porto Velho - 9vee,2026-08-05,200,sim,blog-posts-sitemap.xml,
https://www.9vee.com.br/post/servico-de-interpretacao-simultanea-para-conferencias-em-recife,/post/servico-de-interpretacao-simultanea-para-conferencias-em-recife,post-do-blog,Serviço de Interpretação Simultânea Para Conferências em Recife - 9vee,2026-07-22,200,sim,blog-posts-sitemap.xml,
https://www.9vee.com.br/post/servico-de-interpretacao-simultanea-para-conferencias-em-ribeirao-preto,/post/servico-de-interpretacao-simultanea-para-conferencias-em-ribeirao-preto,post-do-blog,Serviço de Interpretação Simultânea Para Conferências em Ribeirão Preto - 9vee,2026-07-29,200,sim,blog-posts-sitemap.xml,
https://www.9vee.com.br/post/servico-de-interpretacao-simultanea-para-conferencias-em-salvador,/post/servico-de-interpretacao-simultanea-para-conferencias-em-salvador,post-do-blog,Serviço de Interpretação Simultânea Para Conferências em Salvador - 9vee,2026-07-21,200,sim,blog-posts-sitemap.xml,
https://www.9vee.com.br/post/servico-de-interpretacao-simultanea-para-conferencias-em-sao-jose-dos-campos,/post/servico-de-interpretacao-simultanea-para-conferencias-em-sao-jose-dos-campos,post-do-blog,Serviço de Interpretação Simultânea Para Conferências em São José dos Campos - 9vee,2026-08-13,200,sim,blog-posts-sitemap.xml,
https://www.9vee.com.br/post/servico-de-interpretacao-simultanea-para-conferencias-em-sao-paulo,/post/servico-de-interpretacao-simultanea-para-conferencias-em-sao-paulo,post-do-blog,Serviço de Interpretação Simultânea Para Conferências em São Paulo - 9vee,2026-07-18,200,sim,blog-posts-sitemap.xml,
https://www.9vee.com.br/post/servico-de-interpretacao-simultanea-para-conferencias-em-teresina,/post/servico-de-interpretacao-simultanea-para-conferencias-em-teresina,post-do-blog,Serviço de Interpretação Simultânea Para Conferências em Teresina - 9vee,2026-07-29,200,sim,blog-posts-sitemap.xml,
https://www.9vee.com.br/post/servico-de-interpretacao-simultanea-para-conferencias-na-faria-lima,/post/servico-de-interpretacao-simultanea-para-conferencias-na-faria-lima,post-do-blog,Serviço de Interpretação Simultânea Para Conferências na Faria Lima - 9vee,2026-07-30,200,sim,blog-posts-sitemap.xml,
https://www.9vee.com.br/post/servico-de-interpretacao-simultanea-para-conferencias-no-rio-de-janeiro,/post/servico-de-interpretacao-simultanea-para-conferencias-no-rio-de-janeiro,post-do-blog,Serviço de Interpretação Simultânea Para Conferências no Rio de Janeiro - 9vee,2026-08-08,200,sim,blog-posts-sitemap.xml,
https://www.9vee.com.br/post/servico-de-interpretacao-simultanea-presencial-e-online-em-campo-grande,/post/servico-de-interpretacao-simultanea-presencial-e-online-em-campo-grande,post-do-blog,Serviço de Interpretação Simultânea Presencial e Online em Campo Grande - 9vee,2026-04-03,200,sim,blog-posts-sitemap.xml,
https://www.9vee.com.br/post/servico-de-interpretacao-simultanea-presencial-ou-on-line-em-belo-horizonte,/post/servico-de-interpretacao-simultanea-presencial-ou-on-line-em-belo-horizonte,post-do-blog,Serviço de Interpretação Simultânea Presencial ou On-line em Belo Horizonte - 9vee,2026-07-18,200,sim,blog-posts-sitemap.xml,
https://www.9vee.com.br/post/servico-de-interpretacao-simultanea-presencial-ou-on-line-em-boa-vista,/post/servico-de-interpretacao-simultanea-presencial-ou-on-line-em-boa-vista,post-do-blog,Serviço de Interpretação Simultânea Presencial ou On-line em Boa Vista - 9vee,2026-03-30,200,sim,blog-posts-sitemap.xml,
https://www.9vee.com.br/post/servico-de-interpretacao-simultanea-presencial-ou-on-line-em-brasilia,/post/servico-de-interpretacao-simultanea-presencial-ou-on-line-em-brasilia,post-do-blog,Serviço de Interpretação Simultânea Presencial ou On-line em Brasília - 9vee,2026-03-13,200,sim,blog-posts-sitemap.xml,
https://www.9vee.com.br/post/servico-de-interpretacao-simultanea-presencial-ou-on-line-em-campinas,/post/servico-de-interpretacao-simultanea-presencial-ou-on-line-em-campinas,post-do-blog,Serviço de Interpretação Simultânea Presencial ou On-line em Campinas - 9vee,2026-07-16,200,sim,blog-posts-sitemap.xml,
https://www.9vee.com.br/post/servico-de-interpretacao-simultanea-presencial-ou-on-line-em-curitiba,/post/servico-de-interpretacao-simultanea-presencial-ou-on-line-em-curitiba,post-do-blog,Serviço de Interpretação Simultânea Presencial ou On-line em Curitiba - 9vee,2026-03-14,200,sim,blog-posts-sitemap.xml,
https://www.9vee.com.br/post/servico-de-interpretacao-simultanea-presencial-ou-on-line-em-goiania,/post/servico-de-interpretacao-simultanea-presencial-ou-on-line-em-goiania,post-do-blog,Serviço de Interpretação Simultânea Presencial ou On-line em Goiânia - 9vee,2026-08-05,200,sim,blog-posts-sitemap.xml,
https://www.9vee.com.br/post/servico-de-interpretacao-simultanea-presencial-ou-on-line-em-jundiai,/post/servico-de-interpretacao-simultanea-presencial-ou-on-line-em-jundiai,post-do-blog,Serviço de Interpretação Simultânea Presencial ou On-line em Jundiaí - 9vee,2026-08-06,200,sim,blog-posts-sitemap.xml,
https://www.9vee.com.br/post/servico-de-interpretacao-simultanea-presencial-ou-on-line-em-manaus,/post/servico-de-interpretacao-simultanea-presencial-ou-on-line-em-manaus,post-do-blog,Serviço de Interpretação Simultânea Presencial ou On-line em Manaus - 9vee,2026-08-06,200,sim,blog-posts-sitemap.xml,
https://www.9vee.com.br/post/servico-de-interpretacao-simultanea-presencial-ou-on-line-em-natal,/post/servico-de-interpretacao-simultanea-presencial-ou-on-line-em-natal,post-do-blog,Serviço de Interpretação Simultânea Presencial ou On-line em Natal - 9vee,2026-08-06,200,sim,blog-posts-sitemap.xml,
https://www.9vee.com.br/post/servico-de-interpretacao-simultanea-presencial-ou-on-line-em-palmas,/post/servico-de-interpretacao-simultanea-presencial-ou-on-line-em-palmas,post-do-blog,Serviço de Interpretação Simultânea Presencial ou On-line em Palmas - 9vee,2026-08-07,200,sim,blog-posts-sitemap.xml,
https://www.9vee.com.br/post/servico-de-interpretacao-simultanea-presencial-ou-on-line-em-porto-alegre,/post/servico-de-interpretacao-simultanea-presencial-ou-on-line-em-porto-alegre,post-do-blog,Serviço de Interpretação Simultânea Presencial ou On-line em Porto Alegre - 9vee,2026-07-18,200,sim,blog-posts-sitemap.xml,
https://www.9vee.com.br/post/servico-de-interpretacao-simultanea-presencial-ou-on-line-em-ribeirao-preto,/post/servico-de-interpretacao-simultanea-presencial-ou-on-line-em-ribeirao-preto,post-do-blog,Serviço de Interpretação Simultânea Presencial ou On-line em Ribeirão Preto - 9vee,2026-08-20,200,sim,blog-posts-sitemap.xml,
https://www.9vee.com.br/post/servico-de-interpretacao-simultanea-presencial-ou-on-line-em-salvador,/post/servico-de-interpretacao-simultanea-presencial-ou-on-line-em-salvador,post-do-blog,Serviço de Interpretação Simultânea Presencial ou On-line em Salvador - 9vee,2026-08-08,200,sim,blog-posts-sitemap.xml,
https://www.9vee.com.br/post/servico-de-interpretacao-simultanea-presencial-ou-on-line-em-sao-jose-dos-campos,/post/servico-de-interpretacao-simultanea-presencial-ou-on-line-em-sao-jose-dos-campos,post-do-blog,Serviço de Interpretação Simultânea Presencial ou On-line em São José dos Campos - 9vee,2026-08-15,200,sim,blog-posts-sitemap.xml,
https://www.9vee.com.br/post/servico-de-interpretacao-simultanea-presencial-ou-on-line-em-sao-paulo,/post/servico-de-interpretacao-simultanea-presencial-ou-on-line-em-sao-paulo,post-do-blog,Serviço de Interpretação Simultânea Presencial ou On-line em São Paulo - 9vee,2026-03-12,200,sim,blog-posts-sitemap.xml,
https://www.9vee.com.br/post/servico-de-interpretacao-simultanea-presencial-ou-on-line-em-teresina,/post/servico-de-interpretacao-simultanea-presencial-ou-on-line-em-teresina,post-do-blog,Serviço de Interpretação Simultânea Presencial ou On-line em Teresina - 9vee,2026-08-06,200,sim,blog-posts-sitemap.xml,
https://www.9vee.com.br/post/servico-de-interpretacao-simultanea-presencial-ou-on-line-em-vitoria,/post/servico-de-interpretacao-simultanea-presencial-ou-on-line-em-vitoria,post-do-blog,Serviço de Interpretação Simultânea Presencial ou On-line em Vitória - 9vee,2026-08-07,200,sim,blog-posts-sitemap.xml,
https://www.9vee.com.br/post/servico-interpretacao-simultanea-conferencias-belo-horizonte,/post/servico-interpretacao-simultanea-conferencias-belo-horizonte,post-do-blog,Serviço de Interpretação Simultânea Para Conferências em Belo Horizonte - 9vee,2026-03-12,200,sim,blog-posts-sitemap.xml,
https://www.9vee.com.br/post/servico-interpretacao-simultanea-presencial-ou-on-line-florianopolis,/post/servico-interpretacao-simultanea-presencial-ou-on-line-florianopolis,post-do-blog,Serviço de Interpretação Simultânea Presencial ou On-line em Florianópolis - Novee,2026-03-12,200,sim,blog-posts-sitemap.xml,
https://www.9vee.com.br/post/traducao-simultanea-de-eventos-em-belem,/post/traducao-simultanea-de-eventos-em-belem,post-do-blog,Tradução Simultânea de Eventos em Belém - 9vee,2026-08-09,200,sim,blog-posts-sitemap.xml,
https://www.9vee.com.br/post/traducao-simultanea-de-eventos-em-brasilia,/post/traducao-simultanea-de-eventos-em-brasilia,post-do-blog,Tradução Simultânea de Eventos em Brasília - 9vee,2026-04-04,200,sim,blog-posts-sitemap.xml,
https://www.9vee.com.br/post/traducao-simultanea-de-eventos-em-campinas,/post/traducao-simultanea-de-eventos-em-campinas,post-do-blog,Tradução Simultânea de Eventos em Campinas - 9vee,2026-07-15,200,sim,blog-posts-sitemap.xml,
https://www.9vee.com.br/post/traducao-simultanea-de-eventos-em-campo-grande,/post/traducao-simultanea-de-eventos-em-campo-grande,post-do-blog,Tradução Simultânea de Eventos em Campo Grande - 9vee,2026-08-11,200,sim,blog-posts-sitemap.xml,
https://www.9vee.com.br/post/traducao-simultanea-de-eventos-em-curitiba,/post/traducao-simultanea-de-eventos-em-curitiba,post-do-blog,Tradução Simultânea de Eventos em Curitiba - 9vee,2026-07-18,200,sim,blog-posts-sitemap.xml,
https://www.9vee.com.br/post/traducao-simultanea-de-eventos-em-goiania,/post/traducao-simultanea-de-eventos-em-goiania,post-do-blog,Tradução Simultânea de Eventos em Goiânia - 9vee,2026-04-06,200,sim,blog-posts-sitemap.xml,
https://www.9vee.com.br/post/traducao-simultanea-de-eventos-em-jundiai,/post/traducao-simultanea-de-eventos-em-jundiai,post-do-blog,Tradução Simultânea de Eventos em Jundiaí - 9vee,2026-08-13,200,sim,blog-posts-sitemap.xml,
https://www.9vee.com.br/post/traducao-simultanea-de-eventos-em-manaus,/post/traducao-simultanea-de-eventos-em-manaus,post-do-blog,Tradução Simultânea de Eventos em Manaus – 9vee,2026-04-08,200,sim,blog-posts-sitemap.xml,
https://www.9vee.com.br/post/traducao-simultanea-de-eventos-em-palmas,/post/traducao-simultanea-de-eventos-em-palmas,post-do-blog,Tradução Simultânea de Eventos em Palmas - 9vee,2026-08-11,200,sim,blog-posts-sitemap.xml,
https://www.9vee.com.br/post/traducao-simultanea-de-eventos-em-porto-alegre,/post/traducao-simultanea-de-eventos-em-porto-alegre,post-do-blog,Tradução Simultânea de Eventos em Porto Alegre - 9vee,2026-08-10,200,sim,blog-posts-sitemap.xml,
https://www.9vee.com.br/post/traducao-simultanea-de-eventos-em-recife,/post/traducao-simultanea-de-eventos-em-recife,post-do-blog,Tradução Simultânea de Eventos em Recife - 9vee,2026-07-17,200,sim,blog-posts-sitemap.xml,
https://www.9vee.com.br/post/traducao-simultanea-de-eventos-em-ribeirao-preto,/post/traducao-simultanea-de-eventos-em-ribeirao-preto,post-do-blog,Tradução Simultânea de Eventos em Ribeirão Preto - 9vee,2026-08-12,200,sim,blog-posts-sitemap.xml,
https://www.9vee.com.br/post/traducao-simultanea-de-eventos-em-salvador,/post/traducao-simultanea-de-eventos-em-salvador,post-do-blog,Tradução Simultânea de Eventos em Salvador - 9vee,2026-08-20,200,sim,blog-posts-sitemap.xml,
https://www.9vee.com.br/post/traducao-simultanea-de-eventos-em-sao-jose-dos-campos,/post/traducao-simultanea-de-eventos-em-sao-jose-dos-campos,post-do-blog,Tradução Simultânea de Eventos em São José dos Campos - 9vee,2026-08-13,200,sim,blog-posts-sitemap.xml,
https://www.9vee.com.br/post/traducao-simultanea-de-eventos-em-sao-paulo,/post/traducao-simultanea-de-eventos-em-sao-paulo,post-do-blog,Tradução Simultânea de Eventos em São Paulo - 9vee,2026-03-13,200,sim,blog-posts-sitemap.xml,
https://www.9vee.com.br/post/traducao-simultanea-de-eventos-em-sorocaba,/post/traducao-simultanea-de-eventos-em-sorocaba,post-do-blog,Tradução Simultânea de Eventos em Sorocaba - 9vee,2026-07-17,200,sim,blog-posts-sitemap.xml,
https://www.9vee.com.br/post/traducao-simultanea-de-eventos-em-teresina,/post/traducao-simultanea-de-eventos-em-teresina,post-do-blog,Tradução Simultânea de Eventos em Teresina - 9vee,2026-08-11,200,sim,blog-posts-sitemap.xml,
https://www.9vee.com.br/post/traducao-simultanea-de-eventos-na-av-paulista,/post/traducao-simultanea-de-eventos-na-av-paulista,post-do-blog,Tradução Simultânea de Eventos na Av. Paulista - 9vee,2026-07-17,200,sim,blog-posts-sitemap.xml,
https://www.9vee.com.br/post/traducao-simultanea-de-eventos-no-rio-de-janeiro,/post/traducao-simultanea-de-eventos-no-rio-de-janeiro,post-do-blog,Tradução Simultânea de Eventos no Rio de Janeiro - 9vee,2026-04-04,200,sim,blog-posts-sitemap.xml,
https://www.9vee.com.br/post/traducao-simultanea-eventos-florianopolis,/post/traducao-simultanea-eventos-florianopolis,post-do-blog,Tradução Simultânea de Eventos em Florianópolis - 9vee,2026-03-13,200,sim,blog-posts-sitemap.xml,
https://www.9vee.com.br/accessibility-statement,/accessibility-statement,redirecionamento-no-wix,,,301,não,painel do Wix (Gerenciador de Redirecionamento de URL),Hoje o Wix redireciona para /lms
https://www.9vee.com.br/blank-1,/blank-1,redirecionamento-no-wix,,,301,não,painel do Wix (Gerenciador de Redirecionamento de URL),Hoje o Wix redireciona para /mandarim
https://www.9vee.com.br/mandarim-portugues-1,/mandarim-portugues-1,redirecionamento-no-wix,,,301,não,painel do Wix (Gerenciador de Redirecionamento de URL),Hoje o Wix redireciona para /mandarim-chines
https://www.9vee.com.br/mandarim-pt,/mandarim-pt,redirecionamento-no-wix,,,301,não,painel do Wix (Gerenciador de Redirecionamento de URL),Hoje o Wix redireciona para /mandarim-portugues
https://www.9vee.com.br/our-team,/our-team,redirecionamento-no-wix,,,301,não,painel do Wix (Gerenciador de Redirecionamento de URL),Hoje o Wix redireciona para /traducao-simultanea
https://www.9vee.com.br/privacy-policy,/privacy-policy,redirecionamento-no-wix,,,301,não,painel do Wix (Gerenciador de Redirecionamento de URL),Hoje o Wix redireciona para /politica-de-privacidade
https://www.9vee.com.br/programs,/programs,redirecionamento-no-wix,,,301,não,painel do Wix (Gerenciador de Redirecionamento de URL),Hoje o Wix redireciona para /curso-de-idiomas
https://www.9vee.com.br/terms-and-conditions,/terms-and-conditions,redirecionamento-no-wix,,,301,não,painel do Wix (Gerenciador de Redirecionamento de URL),Hoje o Wix redireciona para /termo-de-uso
https://www.9vee.com.br/who-we-are,/who-we-are,redirecionamento-no-wix,,,301,não,painel do Wix (Gerenciador de Redirecionamento de URL),Hoje o Wix redireciona para /quem-somos
https://www.9vee.com.br/sitemap.xml,/sitemap.xml,sitemap,,,200,não,sitemap.xml,Índice de sitemaps do Wix
https://www.9vee.com.br/pages-sitemap.xml,/pages-sitemap.xml,sitemap,,,200,não,sitemap.xml,Sitemap filho gerado pelo Wix
https://www.9vee.com.br/blog-posts-sitemap.xml,/blog-posts-sitemap.xml,sitemap,,,200,não,sitemap.xml,Sitemap filho gerado pelo Wix
https://www.9vee.com.br/blog-categories-sitemap.xml,/blog-categories-sitemap.xml,sitemap,,,200,não,sitemap.xml,Sitemap filho gerado pelo Wix
https://www.9vee.com.br/online-programs-sitemap.xml,/online-programs-sitemap.xml,sitemap,,,200,não,sitemap.xml,Sitemap filho gerado pelo Wix
https://www.9vee.com.br/member-profiles_p_first-chunk-sitemap.xml,/member-profiles_p_first-chunk-sitemap.xml,sitemap,,,200,não,sitemap.xml,Sitemap filho gerado pelo Wix
